CREATE DATABASE  IF NOT EXISTS `mundial2026` /*!40100 DEFAULT CHARACTER SET utf8mb4 COLLATE utf8mb4_unicode_ci */ /*!80016 DEFAULT ENCRYPTION='N' */;
USE `mundial2026`;
-- MySQL dump 10.13  Distrib 8.0.46, for Win64 (x86_64)
--
-- Host: 127.0.0.1    Database: mundial2026
-- ------------------------------------------------------
-- Server version	8.0.46

/*!40101 SET @OLD_CHARACTER_SET_CLIENT=@@CHARACTER_SET_CLIENT */;
/*!40101 SET @OLD_CHARACTER_SET_RESULTS=@@CHARACTER_SET_RESULTS */;
/*!40101 SET @OLD_COLLATION_CONNECTION=@@COLLATION_CONNECTION */;
/*!50503 SET NAMES utf8 */;
/*!40103 SET @OLD_TIME_ZONE=@@TIME_ZONE */;
/*!40103 SET TIME_ZONE='+00:00' */;
/*!40014 SET @OLD_UNIQUE_CHECKS=@@UNIQUE_CHECKS, UNIQUE_CHECKS=0 */;
/*!40014 SET @OLD_FOREIGN_KEY_CHECKS=@@FOREIGN_KEY_CHECKS, FOREIGN_KEY_CHECKS=0 */;
/*!40101 SET @OLD_SQL_MODE=@@SQL_MODE, SQL_MODE='NO_AUTO_VALUE_ON_ZERO' */;
/*!40111 SET @OLD_SQL_NOTES=@@SQL_NOTES, SQL_NOTES=0 */;

--
-- Table structure for table `agenda_partido`
--

DROP TABLE IF EXISTS `agenda_partido`;
/*!40101 SET @saved_cs_client     = @@character_set_client */;
/*!50503 SET character_set_client = utf8mb4 */;
CREATE TABLE `agenda_partido` (
  `agenda_partido_id` int NOT NULL AUTO_INCREMENT,
  `usuario_id` int NOT NULL,
  `partido_id` int NOT NULL,
  `recordatorio` tinyint(1) DEFAULT '0',
  `notas` text COLLATE utf8mb4_unicode_ci,
  PRIMARY KEY (`agenda_partido_id`),
  UNIQUE KEY `uk_agenda` (`usuario_id`,`partido_id`),
  KEY `partido_id` (`partido_id`),
  CONSTRAINT `agenda_partido_ibfk_1` FOREIGN KEY (`usuario_id`) REFERENCES `usuario` (`usuario_id`) ON DELETE CASCADE,
  CONSTRAINT `agenda_partido_ibfk_2` FOREIGN KEY (`partido_id`) REFERENCES `partido` (`partido_id`) ON DELETE CASCADE
) ENGINE=InnoDB DEFAULT CHARSET=utf8mb4 COLLATE=utf8mb4_unicode_ci;
/*!40101 SET character_set_client = @saved_cs_client */;

--
-- Dumping data for table `agenda_partido`
--

LOCK TABLES `agenda_partido` WRITE;
/*!40000 ALTER TABLE `agenda_partido` DISABLE KEYS */;
/*!40000 ALTER TABLE `agenda_partido` ENABLE KEYS */;
UNLOCK TABLES;

--
-- Table structure for table `album`
--

DROP TABLE IF EXISTS `album`;
/*!40101 SET @saved_cs_client     = @@character_set_client */;
/*!50503 SET character_set_client = utf8mb4 */;
CREATE TABLE `album` (
  `album_id` int NOT NULL AUTO_INCREMENT,
  `usuario_id` int NOT NULL,
  `total_laminas` int DEFAULT '0',
  `total_completado` decimal(5,2) DEFAULT '0.00',
  `fecha_inicio` datetime DEFAULT CURRENT_TIMESTAMP,
  PRIMARY KEY (`album_id`),
  UNIQUE KEY `usuario_id` (`usuario_id`),
  CONSTRAINT `album_ibfk_1` FOREIGN KEY (`usuario_id`) REFERENCES `usuario` (`usuario_id`) ON DELETE CASCADE
) ENGINE=InnoDB AUTO_INCREMENT=51 DEFAULT CHARSET=utf8mb4 COLLATE=utf8mb4_unicode_ci;
/*!40101 SET character_set_client = @saved_cs_client */;

--
-- Dumping data for table `album`
--

LOCK TABLES `album` WRITE;
/*!40000 ALTER TABLE `album` DISABLE KEYS */;
INSERT INTO `album` VALUES (1,11,0,0.00,'2026-05-14 00:09:49'),(2,12,0,0.00,'2026-05-14 00:09:50'),(3,13,0,0.00,'2026-05-14 00:09:50'),(4,14,0,0.00,'2026-05-14 00:09:50'),(5,15,0,0.00,'2026-05-14 00:09:50'),(6,16,0,0.00,'2026-05-14 00:09:50'),(7,17,0,0.00,'2026-05-14 00:09:50'),(8,18,0,0.00,'2026-05-14 00:09:50'),(9,19,0,0.00,'2026-05-14 00:09:50'),(10,20,0,0.00,'2026-05-14 00:09:50'),(11,21,0,0.00,'2026-05-14 00:09:50'),(12,22,0,0.00,'2026-05-14 00:09:50'),(13,23,0,0.00,'2026-05-14 00:09:50'),(14,24,0,0.00,'2026-05-14 00:09:50'),(15,25,0,0.00,'2026-05-14 00:09:51'),(16,26,0,0.00,'2026-05-14 00:09:51'),(17,27,0,0.00,'2026-05-14 00:09:51'),(18,28,0,0.00,'2026-05-14 00:09:51'),(19,29,0,0.00,'2026-05-14 00:09:51'),(20,30,0,0.00,'2026-05-14 00:09:51'),(21,31,0,0.00,'2026-05-14 00:09:51'),(22,32,0,0.00,'2026-05-14 00:09:51'),(23,33,0,0.00,'2026-05-14 00:09:51'),(24,34,0,0.00,'2026-05-14 00:09:51'),(25,35,0,0.00,'2026-05-14 00:09:51'),(26,36,0,0.00,'2026-05-14 00:09:51'),(27,37,0,0.00,'2026-05-14 00:09:51'),(28,38,0,0.00,'2026-05-14 00:09:51'),(29,39,0,0.00,'2026-05-14 00:09:51'),(30,40,0,0.00,'2026-05-14 00:09:52'),(31,41,0,0.00,'2026-05-14 00:09:52'),(32,42,0,0.00,'2026-05-14 00:09:52'),(33,43,0,0.00,'2026-05-14 00:09:52'),(34,44,0,0.00,'2026-05-14 00:09:52'),(35,45,0,0.00,'2026-05-14 00:09:52'),(36,46,0,0.00,'2026-05-14 00:09:52'),(37,47,0,0.00,'2026-05-14 00:09:52'),(38,48,0,0.00,'2026-05-14 00:09:52'),(39,49,0,0.00,'2026-05-14 00:09:52'),(40,50,0,0.00,'2026-05-14 00:09:52'),(41,1,0,0.00,'2026-05-14 00:09:52'),(42,2,0,0.00,'2026-05-14 00:09:52'),(43,3,0,0.00,'2026-05-14 00:09:52'),(44,4,0,0.00,'2026-05-14 00:09:52'),(45,5,0,0.00,'2026-05-14 00:09:53'),(46,6,0,0.00,'2026-05-14 00:09:53'),(47,7,0,0.00,'2026-05-14 00:09:53'),(48,8,0,0.00,'2026-05-14 00:09:53'),(49,9,0,0.00,'2026-05-14 00:09:53'),(50,10,0,0.00,'2026-05-14 00:09:53');
/*!40000 ALTER TABLE `album` ENABLE KEYS */;
UNLOCK TABLES;

--
-- Table structure for table `album_lamina`
--

DROP TABLE IF EXISTS `album_lamina`;
/*!40101 SET @saved_cs_client     = @@character_set_client */;
/*!50503 SET character_set_client = utf8mb4 */;
CREATE TABLE `album_lamina` (
  `album_lamina_id` int NOT NULL AUTO_INCREMENT,
  `album_id` int NOT NULL,
  `lamina_id` int NOT NULL,
  `cantidad` int DEFAULT '1',
  `repetida` tinyint(1) DEFAULT '0',
  `fecha_obtencion` datetime DEFAULT CURRENT_TIMESTAMP,
  PRIMARY KEY (`album_lamina_id`),
  UNIQUE KEY `uk_album_lamina` (`album_id`,`lamina_id`),
  KEY `lamina_id` (`lamina_id`),
  CONSTRAINT `album_lamina_ibfk_1` FOREIGN KEY (`album_id`) REFERENCES `album` (`album_id`) ON DELETE CASCADE,
  CONSTRAINT `album_lamina_ibfk_2` FOREIGN KEY (`lamina_id`) REFERENCES `lamina` (`lamina_id`)
) ENGINE=InnoDB AUTO_INCREMENT=543 DEFAULT CHARSET=utf8mb4 COLLATE=utf8mb4_unicode_ci;
/*!40101 SET character_set_client = @saved_cs_client */;

--
-- Dumping data for table `album_lamina`
--

LOCK TABLES `album_lamina` WRITE;
/*!40000 ALTER TABLE `album_lamina` DISABLE KEYS */;
INSERT INTO `album_lamina` VALUES (1,1,93,1,0,'2026-05-14 00:09:49'),(2,1,90,1,0,'2026-05-14 00:09:49'),(3,1,75,1,0,'2026-05-14 00:09:49'),(4,1,59,1,0,'2026-05-14 00:09:50'),(5,1,81,2,1,'2026-05-14 00:09:50'),(6,1,62,1,0,'2026-05-14 00:09:50'),(7,1,44,1,0,'2026-05-14 00:09:50'),(8,1,96,2,1,'2026-05-14 00:09:50'),(9,2,96,1,0,'2026-05-14 00:09:50'),(10,2,95,2,1,'2026-05-14 00:09:50'),(11,2,63,1,0,'2026-05-14 00:09:50'),(12,2,16,1,0,'2026-05-14 00:09:50'),(13,2,21,1,0,'2026-05-14 00:09:50'),(14,2,15,1,0,'2026-05-14 00:09:50'),(15,2,10,1,0,'2026-05-14 00:09:50'),(16,2,23,1,0,'2026-05-14 00:09:50'),(17,2,14,1,0,'2026-05-14 00:09:50'),(18,2,8,1,0,'2026-05-14 00:09:50'),(19,3,91,1,0,'2026-05-14 00:09:50'),(20,3,78,1,0,'2026-05-14 00:09:50'),(21,3,32,1,0,'2026-05-14 00:09:50'),(22,3,45,1,0,'2026-05-14 00:09:50'),(23,3,30,1,0,'2026-05-14 00:09:50'),(24,3,35,1,0,'2026-05-14 00:09:50'),(25,3,77,1,0,'2026-05-14 00:09:50'),(26,3,92,1,0,'2026-05-14 00:09:50'),(27,4,74,1,0,'2026-05-14 00:09:50'),(28,4,65,1,0,'2026-05-14 00:09:50'),(29,4,63,1,0,'2026-05-14 00:09:50'),(30,4,60,1,0,'2026-05-14 00:09:50'),(31,4,9,2,1,'2026-05-14 00:09:50'),(32,4,61,1,0,'2026-05-14 00:09:50'),(33,4,67,1,0,'2026-05-14 00:09:50'),(34,4,78,1,0,'2026-05-14 00:09:50'),(35,4,36,1,0,'2026-05-14 00:09:50'),(36,4,93,1,0,'2026-05-14 00:09:50'),(37,5,66,1,0,'2026-05-14 00:09:50'),(38,5,81,1,0,'2026-05-14 00:09:50'),(39,5,92,1,0,'2026-05-14 00:09:50'),(40,5,87,1,0,'2026-05-14 00:09:50'),(41,5,34,1,0,'2026-05-14 00:09:50'),(42,5,67,1,0,'2026-05-14 00:09:50'),(43,5,77,1,0,'2026-05-14 00:09:50'),(44,5,58,1,0,'2026-05-14 00:09:50'),(45,5,54,1,0,'2026-05-14 00:09:50'),(46,6,13,1,0,'2026-05-14 00:09:50'),(47,6,44,1,0,'2026-05-14 00:09:50'),(48,6,74,1,0,'2026-05-14 00:09:50'),(49,6,45,1,0,'2026-05-14 00:09:50'),(50,6,27,1,0,'2026-05-14 00:09:50'),(51,6,59,1,0,'2026-05-14 00:09:50'),(52,6,55,1,0,'2026-05-14 00:09:50'),(53,6,33,1,0,'2026-05-14 00:09:50'),(54,6,83,1,0,'2026-05-14 00:09:50'),(55,7,61,1,0,'2026-05-14 00:09:50'),(56,7,93,1,0,'2026-05-14 00:09:50'),(57,7,35,2,1,'2026-05-14 00:09:50'),(58,7,42,1,0,'2026-05-14 00:09:50'),(59,7,83,1,0,'2026-05-14 00:09:50'),(60,7,71,1,0,'2026-05-14 00:09:50'),(61,7,46,1,0,'2026-05-14 00:09:50'),(62,7,59,1,0,'2026-05-14 00:09:50'),(63,7,1,1,0,'2026-05-14 00:09:50'),(64,7,31,1,0,'2026-05-14 00:09:50'),(65,7,80,1,0,'2026-05-14 00:09:50'),(66,7,94,1,0,'2026-05-14 00:09:50'),(67,8,26,2,1,'2026-05-14 00:09:50'),(68,8,52,1,0,'2026-05-14 00:09:50'),(69,8,41,1,0,'2026-05-14 00:09:50'),(70,8,66,1,0,'2026-05-14 00:09:50'),(71,8,56,1,0,'2026-05-14 00:09:50'),(72,8,33,1,0,'2026-05-14 00:09:50'),(73,8,46,1,0,'2026-05-14 00:09:50'),(74,8,48,1,0,'2026-05-14 00:09:50'),(75,8,55,1,0,'2026-05-14 00:09:50'),(76,8,44,1,0,'2026-05-14 00:09:50'),(77,8,67,1,0,'2026-05-14 00:09:50'),(78,8,34,1,0,'2026-05-14 00:09:50'),(79,8,25,1,0,'2026-05-14 00:09:50'),(80,9,60,1,0,'2026-05-14 00:09:50'),(81,9,10,1,0,'2026-05-14 00:09:50'),(82,9,20,1,0,'2026-05-14 00:09:50'),(83,9,40,1,0,'2026-05-14 00:09:50'),(84,9,36,1,0,'2026-05-14 00:09:50'),(85,9,75,1,0,'2026-05-14 00:09:50'),(86,9,27,1,0,'2026-05-14 00:09:50'),(87,9,87,1,0,'2026-05-14 00:09:50'),(88,10,51,1,0,'2026-05-14 00:09:50'),(89,10,11,1,0,'2026-05-14 00:09:50'),(90,10,12,1,0,'2026-05-14 00:09:50'),(91,10,79,1,0,'2026-05-14 00:09:50'),(92,10,63,1,0,'2026-05-14 00:09:50'),(93,10,18,1,0,'2026-05-14 00:09:50'),(94,10,27,1,0,'2026-05-14 00:09:50'),(95,10,56,1,0,'2026-05-14 00:09:50'),(96,10,17,1,0,'2026-05-14 00:09:50'),(97,11,72,1,0,'2026-05-14 00:09:50'),(98,11,37,1,0,'2026-05-14 00:09:50'),(99,11,48,1,0,'2026-05-14 00:09:50'),(100,11,24,1,0,'2026-05-14 00:09:50'),(101,11,23,2,1,'2026-05-14 00:09:50'),(102,11,30,1,0,'2026-05-14 00:09:50'),(103,11,71,1,0,'2026-05-14 00:09:50'),(104,11,95,1,0,'2026-05-14 00:09:50'),(105,11,41,1,0,'2026-05-14 00:09:50'),(106,11,70,1,0,'2026-05-14 00:09:50'),(107,11,84,1,0,'2026-05-14 00:09:50'),(108,11,50,1,0,'2026-05-14 00:09:50'),(109,11,20,1,0,'2026-05-14 00:09:50'),(110,11,59,1,0,'2026-05-14 00:09:50'),(111,12,93,1,0,'2026-05-14 00:09:50'),(112,12,75,1,0,'2026-05-14 00:09:50'),(113,12,53,1,0,'2026-05-14 00:09:50'),(114,12,25,1,0,'2026-05-14 00:09:50'),(115,12,87,1,0,'2026-05-14 00:09:50'),(116,12,29,1,0,'2026-05-14 00:09:50'),(117,12,72,1,0,'2026-05-14 00:09:50'),(118,12,21,1,0,'2026-05-14 00:09:50'),(119,12,63,1,0,'2026-05-14 00:09:50'),(120,12,58,1,0,'2026-05-14 00:09:50'),(121,12,6,1,0,'2026-05-14 00:09:50'),(122,12,51,1,0,'2026-05-14 00:09:50'),(123,13,92,1,0,'2026-05-14 00:09:50'),(124,13,66,1,0,'2026-05-14 00:09:50'),(125,13,63,1,0,'2026-05-14 00:09:50'),(126,13,62,1,0,'2026-05-14 00:09:50'),(127,13,32,1,0,'2026-05-14 00:09:50'),(128,13,34,1,0,'2026-05-14 00:09:50'),(129,13,79,2,1,'2026-05-14 00:09:50'),(130,13,46,1,0,'2026-05-14 00:09:50'),(131,13,1,1,0,'2026-05-14 00:09:50'),(132,13,56,1,0,'2026-05-14 00:09:50'),(133,13,95,1,0,'2026-05-14 00:09:50'),(134,13,40,1,0,'2026-05-14 00:09:50'),(135,14,75,2,1,'2026-05-14 00:09:50'),(136,14,51,1,0,'2026-05-14 00:09:50'),(137,14,83,1,0,'2026-05-14 00:09:50'),(138,14,16,1,0,'2026-05-14 00:09:50'),(139,14,2,1,0,'2026-05-14 00:09:50'),(140,14,4,1,0,'2026-05-14 00:09:51'),(141,14,54,1,0,'2026-05-14 00:09:51'),(142,14,90,1,0,'2026-05-14 00:09:51'),(143,14,85,1,0,'2026-05-14 00:09:51'),(144,14,72,1,0,'2026-05-14 00:09:51'),(145,14,39,1,0,'2026-05-14 00:09:51'),(146,15,68,1,0,'2026-05-14 00:09:51'),(147,15,14,1,0,'2026-05-14 00:09:51'),(148,15,35,1,0,'2026-05-14 00:09:51'),(149,15,47,1,0,'2026-05-14 00:09:51'),(150,15,13,1,0,'2026-05-14 00:09:51'),(151,15,69,1,0,'2026-05-14 00:09:51'),(152,15,73,1,0,'2026-05-14 00:09:51'),(153,15,81,1,0,'2026-05-14 00:09:51'),(154,15,29,1,0,'2026-05-14 00:09:51'),(155,15,59,1,0,'2026-05-14 00:09:51'),(156,15,40,1,0,'2026-05-14 00:09:51'),(157,16,15,1,0,'2026-05-14 00:09:51'),(158,16,86,1,0,'2026-05-14 00:09:51'),(159,16,10,1,0,'2026-05-14 00:09:51'),(160,16,45,1,0,'2026-05-14 00:09:51'),(161,16,9,1,0,'2026-05-14 00:09:51'),(162,16,80,2,1,'2026-05-14 00:09:51'),(163,16,35,1,0,'2026-05-14 00:09:51'),(164,16,39,1,0,'2026-05-14 00:09:51'),(165,16,91,1,0,'2026-05-14 00:09:51'),(166,16,12,1,0,'2026-05-14 00:09:51'),(167,17,47,1,0,'2026-05-14 00:09:51'),(168,17,9,1,0,'2026-05-14 00:09:51'),(169,17,95,1,0,'2026-05-14 00:09:51'),(170,17,82,1,0,'2026-05-14 00:09:51'),(171,17,26,1,0,'2026-05-14 00:09:51'),(172,17,76,1,0,'2026-05-14 00:09:51'),(173,17,49,1,0,'2026-05-14 00:09:51'),(174,17,35,1,0,'2026-05-14 00:09:51'),(175,17,71,2,1,'2026-05-14 00:09:51'),(176,17,12,1,0,'2026-05-14 00:09:51'),(177,18,7,1,0,'2026-05-14 00:09:51'),(178,18,84,1,0,'2026-05-14 00:09:51'),(179,18,9,1,0,'2026-05-14 00:09:51'),(180,18,63,1,0,'2026-05-14 00:09:51'),(181,18,94,1,0,'2026-05-14 00:09:51'),(182,18,33,1,0,'2026-05-14 00:09:51'),(183,18,81,1,0,'2026-05-14 00:09:51'),(184,18,90,1,0,'2026-05-14 00:09:51'),(185,18,89,1,0,'2026-05-14 00:09:51'),(186,18,79,1,0,'2026-05-14 00:09:51'),(187,18,12,1,0,'2026-05-14 00:09:51'),(188,18,34,1,0,'2026-05-14 00:09:51'),(189,18,42,1,0,'2026-05-14 00:09:51'),(190,18,40,1,0,'2026-05-14 00:09:51'),(191,19,37,1,0,'2026-05-14 00:09:51'),(192,19,92,1,0,'2026-05-14 00:09:51'),(193,19,33,1,0,'2026-05-14 00:09:51'),(194,19,96,1,0,'2026-05-14 00:09:51'),(195,19,54,1,0,'2026-05-14 00:09:51'),(196,19,74,1,0,'2026-05-14 00:09:51'),(197,19,67,1,0,'2026-05-14 00:09:51'),(198,19,19,1,0,'2026-05-14 00:09:51'),(199,19,30,1,0,'2026-05-14 00:09:51'),(200,20,74,1,0,'2026-05-14 00:09:51'),(201,20,17,1,0,'2026-05-14 00:09:51'),(202,20,14,1,0,'2026-05-14 00:09:51'),(203,20,80,1,0,'2026-05-14 00:09:51'),(204,20,49,1,0,'2026-05-14 00:09:51'),(205,20,77,1,0,'2026-05-14 00:09:51'),(206,20,29,1,0,'2026-05-14 00:09:51'),(207,20,37,2,1,'2026-05-14 00:09:51'),(208,20,52,1,0,'2026-05-14 00:09:51'),(209,20,68,1,0,'2026-05-14 00:09:51'),(210,20,45,1,0,'2026-05-14 00:09:51'),(211,20,31,1,0,'2026-05-14 00:09:51'),(212,20,5,1,0,'2026-05-14 00:09:51'),(213,21,67,1,0,'2026-05-14 00:09:51'),(214,21,4,1,0,'2026-05-14 00:09:51'),(215,21,22,1,0,'2026-05-14 00:09:51'),(216,21,76,1,0,'2026-05-14 00:09:51'),(217,21,56,2,1,'2026-05-14 00:09:51'),(218,21,42,1,0,'2026-05-14 00:09:51'),(219,21,26,1,0,'2026-05-14 00:09:51'),(220,21,71,1,0,'2026-05-14 00:09:51'),(221,21,66,1,0,'2026-05-14 00:09:51'),(222,21,21,1,0,'2026-05-14 00:09:51'),(223,21,72,1,0,'2026-05-14 00:09:51'),(224,21,85,1,0,'2026-05-14 00:09:51'),(225,22,30,1,0,'2026-05-14 00:09:51'),(226,22,96,1,0,'2026-05-14 00:09:51'),(227,22,14,1,0,'2026-05-14 00:09:51'),(228,22,93,1,0,'2026-05-14 00:09:51'),(229,22,74,1,0,'2026-05-14 00:09:51'),(230,22,71,1,0,'2026-05-14 00:09:51'),(231,22,32,1,0,'2026-05-14 00:09:51'),(232,22,33,1,0,'2026-05-14 00:09:51'),(233,22,2,1,0,'2026-05-14 00:09:51'),(234,23,46,1,0,'2026-05-14 00:09:51'),(235,23,93,1,0,'2026-05-14 00:09:51'),(236,23,71,2,1,'2026-05-14 00:09:51'),(237,23,3,1,0,'2026-05-14 00:09:51'),(238,23,78,1,0,'2026-05-14 00:09:51'),(239,23,96,1,0,'2026-05-14 00:09:51'),(240,23,86,1,0,'2026-05-14 00:09:51'),(241,23,26,2,1,'2026-05-14 00:09:51'),(242,24,92,1,0,'2026-05-14 00:09:51'),(243,24,4,1,0,'2026-05-14 00:09:51'),(244,24,64,2,1,'2026-05-14 00:09:51'),(245,24,71,1,0,'2026-05-14 00:09:51'),(246,24,77,1,0,'2026-05-14 00:09:51'),(247,24,46,2,1,'2026-05-14 00:09:51'),(248,24,47,1,0,'2026-05-14 00:09:51'),(249,24,52,1,0,'2026-05-14 00:09:51'),(250,24,91,1,0,'2026-05-14 00:09:51'),(251,24,3,1,0,'2026-05-14 00:09:51'),(252,24,67,1,0,'2026-05-14 00:09:51'),(253,24,26,1,0,'2026-05-14 00:09:51'),(254,24,79,1,0,'2026-05-14 00:09:51'),(255,25,81,1,0,'2026-05-14 00:09:51'),(256,25,19,1,0,'2026-05-14 00:09:51'),(257,25,47,1,0,'2026-05-14 00:09:51'),(258,25,67,1,0,'2026-05-14 00:09:51'),(259,25,23,1,0,'2026-05-14 00:09:51'),(260,25,96,1,0,'2026-05-14 00:09:51'),(261,25,58,1,0,'2026-05-14 00:09:51'),(262,25,32,1,0,'2026-05-14 00:09:51'),(263,26,66,1,0,'2026-05-14 00:09:51'),(264,26,84,1,0,'2026-05-14 00:09:51'),(265,26,51,1,0,'2026-05-14 00:09:51'),(266,26,45,1,0,'2026-05-14 00:09:51'),(267,26,28,1,0,'2026-05-14 00:09:51'),(268,26,8,1,0,'2026-05-14 00:09:51'),(269,26,62,1,0,'2026-05-14 00:09:51'),(270,26,87,1,0,'2026-05-14 00:09:51'),(271,26,32,1,0,'2026-05-14 00:09:51'),(272,26,39,1,0,'2026-05-14 00:09:51'),(273,27,44,1,0,'2026-05-14 00:09:51'),(274,27,76,1,0,'2026-05-14 00:09:51'),(275,27,54,1,0,'2026-05-14 00:09:51'),(276,27,39,1,0,'2026-05-14 00:09:51'),(277,27,55,1,0,'2026-05-14 00:09:51'),(278,27,64,1,0,'2026-05-14 00:09:51'),(279,27,35,1,0,'2026-05-14 00:09:51'),(280,27,96,1,0,'2026-05-14 00:09:51'),(281,28,95,1,0,'2026-05-14 00:09:51'),(282,28,27,1,0,'2026-05-14 00:09:51'),(283,28,52,1,0,'2026-05-14 00:09:51'),(284,28,36,1,0,'2026-05-14 00:09:51'),(285,28,25,1,0,'2026-05-14 00:09:51'),(286,28,65,1,0,'2026-05-14 00:09:51'),(287,28,57,1,0,'2026-05-14 00:09:51'),(288,28,67,1,0,'2026-05-14 00:09:51'),(289,29,38,1,0,'2026-05-14 00:09:52'),(290,29,85,1,0,'2026-05-14 00:09:52'),(291,29,57,1,0,'2026-05-14 00:09:52'),(292,29,75,1,0,'2026-05-14 00:09:52'),(293,29,20,1,0,'2026-05-14 00:09:52'),(294,29,36,1,0,'2026-05-14 00:09:52'),(295,29,30,1,0,'2026-05-14 00:09:52'),(296,29,51,1,0,'2026-05-14 00:09:52'),(297,29,87,1,0,'2026-05-14 00:09:52'),(298,29,69,1,0,'2026-05-14 00:09:52'),(299,30,93,1,0,'2026-05-14 00:09:52'),(300,30,57,1,0,'2026-05-14 00:09:52'),(301,30,89,1,0,'2026-05-14 00:09:52'),(302,30,12,1,0,'2026-05-14 00:09:52'),(303,30,45,1,0,'2026-05-14 00:09:52'),(304,30,41,1,0,'2026-05-14 00:09:52'),(305,30,34,1,0,'2026-05-14 00:09:52'),(306,30,32,1,0,'2026-05-14 00:09:52'),(307,30,8,1,0,'2026-05-14 00:09:52'),(308,30,55,1,0,'2026-05-14 00:09:52'),(309,30,26,1,0,'2026-05-14 00:09:52'),(310,30,49,1,0,'2026-05-14 00:09:52'),(311,30,63,1,0,'2026-05-14 00:09:52'),(312,30,83,1,0,'2026-05-14 00:09:52'),(313,30,25,1,0,'2026-05-14 00:09:52'),(314,31,11,1,0,'2026-05-14 00:09:52'),(315,31,66,1,0,'2026-05-14 00:09:52'),(316,31,75,1,0,'2026-05-14 00:09:52'),(317,31,72,1,0,'2026-05-14 00:09:52'),(318,31,56,1,0,'2026-05-14 00:09:52'),(319,31,94,1,0,'2026-05-14 00:09:52'),(320,31,64,1,0,'2026-05-14 00:09:52'),(321,31,38,1,0,'2026-05-14 00:09:52'),(322,31,43,1,0,'2026-05-14 00:09:52'),(323,31,81,1,0,'2026-05-14 00:09:52'),(324,31,77,1,0,'2026-05-14 00:09:52'),(325,31,51,1,0,'2026-05-14 00:09:52'),(326,31,85,1,0,'2026-05-14 00:09:52'),(327,31,82,1,0,'2026-05-14 00:09:52'),(328,32,71,1,0,'2026-05-14 00:09:52'),(329,32,86,1,0,'2026-05-14 00:09:52'),(330,32,20,1,0,'2026-05-14 00:09:52'),(331,32,92,1,0,'2026-05-14 00:09:52'),(332,32,49,1,0,'2026-05-14 00:09:52'),(333,32,83,1,0,'2026-05-14 00:09:52'),(334,32,43,1,0,'2026-05-14 00:09:52'),(335,32,78,1,0,'2026-05-14 00:09:52'),(336,33,41,1,0,'2026-05-14 00:09:52'),(337,33,92,1,0,'2026-05-14 00:09:52'),(338,33,46,1,0,'2026-05-14 00:09:52'),(339,33,89,1,0,'2026-05-14 00:09:52'),(340,33,21,1,0,'2026-05-14 00:09:52'),(341,33,4,1,0,'2026-05-14 00:09:52'),(342,33,14,1,0,'2026-05-14 00:09:52'),(343,33,62,1,0,'2026-05-14 00:09:52'),(344,33,6,1,0,'2026-05-14 00:09:52'),(345,33,74,1,0,'2026-05-14 00:09:52'),(346,33,81,1,0,'2026-05-14 00:09:52'),(347,33,35,1,0,'2026-05-14 00:09:52'),(348,33,93,1,0,'2026-05-14 00:09:52'),(349,33,52,1,0,'2026-05-14 00:09:52'),(350,33,45,1,0,'2026-05-14 00:09:52'),(351,34,18,2,1,'2026-05-14 00:09:52'),(352,34,66,1,0,'2026-05-14 00:09:52'),(353,34,60,1,0,'2026-05-14 00:09:52'),(354,34,39,1,0,'2026-05-14 00:09:52'),(355,34,57,1,0,'2026-05-14 00:09:52'),(356,34,23,1,0,'2026-05-14 00:09:52'),(357,34,8,1,0,'2026-05-14 00:09:52'),(358,35,34,1,0,'2026-05-14 00:09:52'),(359,35,29,1,0,'2026-05-14 00:09:52'),(360,35,74,1,0,'2026-05-14 00:09:52'),(361,35,21,1,0,'2026-05-14 00:09:52'),(362,35,57,1,0,'2026-05-14 00:09:52'),(363,35,27,1,0,'2026-05-14 00:09:52'),(364,35,92,1,0,'2026-05-14 00:09:52'),(365,35,59,1,0,'2026-05-14 00:09:52'),(366,35,88,1,0,'2026-05-14 00:09:52'),(367,35,51,1,0,'2026-05-14 00:09:52'),(368,35,55,1,0,'2026-05-14 00:09:52'),(369,35,69,1,0,'2026-05-14 00:09:52'),(370,35,86,1,0,'2026-05-14 00:09:52'),(371,35,1,1,0,'2026-05-14 00:09:52'),(372,35,70,1,0,'2026-05-14 00:09:52'),(373,36,46,2,1,'2026-05-14 00:09:52'),(374,36,82,1,0,'2026-05-14 00:09:52'),(375,36,13,2,1,'2026-05-14 00:09:52'),(376,36,1,1,0,'2026-05-14 00:09:52'),(377,36,89,1,0,'2026-05-14 00:09:52'),(378,36,87,1,0,'2026-05-14 00:09:52'),(379,36,90,1,0,'2026-05-14 00:09:52'),(380,36,37,2,1,'2026-05-14 00:09:52'),(381,36,77,1,0,'2026-05-14 00:09:52'),(382,37,36,1,0,'2026-05-14 00:09:52'),(383,37,64,1,0,'2026-05-14 00:09:52'),(384,37,38,1,0,'2026-05-14 00:09:52'),(385,37,3,2,1,'2026-05-14 00:09:52'),(386,37,43,1,0,'2026-05-14 00:09:52'),(387,37,55,1,0,'2026-05-14 00:09:52'),(388,37,79,1,0,'2026-05-14 00:09:52'),(389,37,89,1,0,'2026-05-14 00:09:52'),(390,37,34,1,0,'2026-05-14 00:09:52'),(391,37,93,1,0,'2026-05-14 00:09:52'),(392,38,8,1,0,'2026-05-14 00:09:52'),(393,38,3,1,0,'2026-05-14 00:09:52'),(394,38,22,1,0,'2026-05-14 00:09:52'),(395,38,95,1,0,'2026-05-14 00:09:52'),(396,38,69,1,0,'2026-05-14 00:09:52'),(397,38,13,2,1,'2026-05-14 00:09:52'),(398,38,66,1,0,'2026-05-14 00:09:52'),(399,38,65,1,0,'2026-05-14 00:09:52'),(400,38,34,1,0,'2026-05-14 00:09:52'),(401,38,52,1,0,'2026-05-14 00:09:52'),(402,38,76,1,0,'2026-05-14 00:09:52'),(403,38,62,1,0,'2026-05-14 00:09:52'),(404,39,52,1,0,'2026-05-14 00:09:52'),(405,39,20,1,0,'2026-05-14 00:09:52'),(406,39,29,1,0,'2026-05-14 00:09:52'),(407,39,83,2,1,'2026-05-14 00:09:52'),(408,39,85,1,0,'2026-05-14 00:09:52'),(409,39,95,1,0,'2026-05-14 00:09:52'),(410,39,90,1,0,'2026-05-14 00:09:52'),(411,39,4,1,0,'2026-05-14 00:09:52'),(412,39,47,1,0,'2026-05-14 00:09:52'),(413,39,14,1,0,'2026-05-14 00:09:52'),(414,39,62,1,0,'2026-05-14 00:09:52'),(415,39,39,1,0,'2026-05-14 00:09:52'),(416,40,61,1,0,'2026-05-14 00:09:52'),(417,40,6,1,0,'2026-05-14 00:09:52'),(418,40,36,2,1,'2026-05-14 00:09:52'),(419,40,79,1,0,'2026-05-14 00:09:52'),(420,40,54,2,1,'2026-05-14 00:09:52'),(421,40,93,1,0,'2026-05-14 00:09:52'),(422,40,23,1,0,'2026-05-14 00:09:52'),(423,40,8,1,0,'2026-05-14 00:09:52'),(424,40,66,1,0,'2026-05-14 00:09:52'),(425,40,92,1,0,'2026-05-14 00:09:52'),(426,40,32,1,0,'2026-05-14 00:09:52'),(427,40,63,1,0,'2026-05-14 00:09:52'),(428,40,60,1,0,'2026-05-14 00:09:52'),(429,41,3,1,0,'2026-05-14 00:09:52'),(430,41,55,1,0,'2026-05-14 00:09:52'),(431,41,30,1,0,'2026-05-14 00:09:52'),(432,41,57,1,0,'2026-05-14 00:09:52'),(433,41,37,1,0,'2026-05-14 00:09:52'),(434,41,92,1,0,'2026-05-14 00:09:52'),(435,41,9,1,0,'2026-05-14 00:09:52'),(436,41,15,1,0,'2026-05-14 00:09:52'),(437,41,28,1,0,'2026-05-14 00:09:52'),(438,41,27,1,0,'2026-05-14 00:09:52'),(439,42,77,1,0,'2026-05-14 00:09:52'),(440,42,92,1,0,'2026-05-14 00:09:52'),(441,42,9,1,0,'2026-05-14 00:09:52'),(442,42,30,1,0,'2026-05-14 00:09:52'),(443,42,1,1,0,'2026-05-14 00:09:52'),(444,42,37,1,0,'2026-05-14 00:09:52'),(445,42,4,1,0,'2026-05-14 00:09:52'),(446,42,68,1,0,'2026-05-14 00:09:52'),(447,43,80,1,0,'2026-05-14 00:09:52'),(448,43,35,1,0,'2026-05-14 00:09:52'),(449,43,41,1,0,'2026-05-14 00:09:52'),(450,43,9,1,0,'2026-05-14 00:09:52'),(451,43,20,1,0,'2026-05-14 00:09:52'),(452,43,29,1,0,'2026-05-14 00:09:52'),(453,43,8,1,0,'2026-05-14 00:09:52'),(454,43,66,1,0,'2026-05-14 00:09:52'),(455,43,2,1,0,'2026-05-14 00:09:52'),(456,43,18,1,0,'2026-05-14 00:09:52'),(457,44,64,1,0,'2026-05-14 00:09:52'),(458,44,29,1,0,'2026-05-14 00:09:52'),(459,44,72,1,0,'2026-05-14 00:09:52'),(460,44,47,1,0,'2026-05-14 00:09:52'),(461,44,5,1,0,'2026-05-14 00:09:52'),(462,44,26,1,0,'2026-05-14 00:09:53'),(463,44,82,1,0,'2026-05-14 00:09:53'),(464,44,65,1,0,'2026-05-14 00:09:53'),(465,44,42,1,0,'2026-05-14 00:09:53'),(466,45,79,1,0,'2026-05-14 00:09:53'),(467,45,33,1,0,'2026-05-14 00:09:53'),(468,45,73,1,0,'2026-05-14 00:09:53'),(469,45,19,1,0,'2026-05-14 00:09:53'),(470,45,84,1,0,'2026-05-14 00:09:53'),(471,45,92,1,0,'2026-05-14 00:09:53'),(472,45,91,1,0,'2026-05-14 00:09:53'),(473,45,66,1,0,'2026-05-14 00:09:53'),(474,45,53,1,0,'2026-05-14 00:09:53'),(475,45,40,1,0,'2026-05-14 00:09:53'),(476,45,3,1,0,'2026-05-14 00:09:53'),(477,45,39,1,0,'2026-05-14 00:09:53'),(478,45,74,1,0,'2026-05-14 00:09:53'),(479,45,81,1,0,'2026-05-14 00:09:53'),(480,45,44,1,0,'2026-05-14 00:09:53'),(481,46,24,3,1,'2026-05-14 00:09:53'),(482,46,87,1,0,'2026-05-14 00:09:53'),(483,46,9,1,0,'2026-05-14 00:09:53'),(484,46,1,1,0,'2026-05-14 00:09:53'),(485,46,74,1,0,'2026-05-14 00:09:53'),(486,46,44,1,0,'2026-05-14 00:09:53'),(487,46,17,1,0,'2026-05-14 00:09:53'),(488,46,12,1,0,'2026-05-14 00:09:53'),(489,46,54,1,0,'2026-05-14 00:09:53'),(490,46,30,1,0,'2026-05-14 00:09:53'),(491,46,61,1,0,'2026-05-14 00:09:53'),(492,46,90,1,0,'2026-05-14 00:09:53'),(493,47,37,1,0,'2026-05-14 00:09:53'),(494,47,90,1,0,'2026-05-14 00:09:53'),(495,47,41,1,0,'2026-05-14 00:09:53'),(496,47,53,1,0,'2026-05-14 00:09:53'),(497,47,62,1,0,'2026-05-14 00:09:53'),(498,47,68,1,0,'2026-05-14 00:09:53'),(499,47,78,1,0,'2026-05-14 00:09:53'),(500,47,83,1,0,'2026-05-14 00:09:53'),(501,47,96,1,0,'2026-05-14 00:09:53'),(502,47,50,1,0,'2026-05-14 00:09:53'),(503,47,64,1,0,'2026-05-14 00:09:53'),(504,47,70,1,0,'2026-05-14 00:09:53'),(505,47,16,1,0,'2026-05-14 00:09:53'),(506,47,32,1,0,'2026-05-14 00:09:53'),(507,47,1,1,0,'2026-05-14 00:09:53'),(508,48,16,1,0,'2026-05-14 00:09:53'),(509,48,26,1,0,'2026-05-14 00:09:53'),(510,48,8,1,0,'2026-05-14 00:09:53'),(511,48,12,1,0,'2026-05-14 00:09:53'),(512,48,84,1,0,'2026-05-14 00:09:53'),(513,48,7,1,0,'2026-05-14 00:09:53'),(514,48,63,1,0,'2026-05-14 00:09:53'),(515,48,64,1,0,'2026-05-14 00:09:53'),(516,48,6,1,0,'2026-05-14 00:09:53'),(517,48,9,1,0,'2026-05-14 00:09:53'),(518,49,3,1,0,'2026-05-14 00:09:53'),(519,49,89,1,0,'2026-05-14 00:09:53'),(520,49,9,1,0,'2026-05-14 00:09:53'),(521,49,2,1,0,'2026-05-14 00:09:53'),(522,49,4,1,0,'2026-05-14 00:09:53'),(523,49,28,1,0,'2026-05-14 00:09:53'),(524,49,35,1,0,'2026-05-14 00:09:53'),(525,49,14,1,0,'2026-05-14 00:09:53'),(526,49,94,1,0,'2026-05-14 00:09:53'),(527,49,90,1,0,'2026-05-14 00:09:53'),(528,49,10,1,0,'2026-05-14 00:09:53'),(529,49,71,1,0,'2026-05-14 00:09:53'),(530,49,49,1,0,'2026-05-14 00:09:53'),(531,50,58,1,0,'2026-05-14 00:09:53'),(532,50,25,1,0,'2026-05-14 00:09:53'),(533,50,54,1,0,'2026-05-14 00:09:53'),(534,50,73,1,0,'2026-05-14 00:09:53'),(535,50,5,1,0,'2026-05-14 00:09:53'),(536,50,17,1,0,'2026-05-14 00:09:53'),(537,50,6,1,0,'2026-05-14 00:09:53'),(538,50,71,1,0,'2026-05-14 00:09:53'),(539,50,70,1,0,'2026-05-14 00:09:53'),(540,50,94,1,0,'2026-05-14 00:09:53'),(541,50,9,1,0,'2026-05-14 00:09:53'),(542,50,8,1,0,'2026-05-14 00:09:53');
/*!40000 ALTER TABLE `album_lamina` ENABLE KEYS */;
UNLOCK TABLES;

--
-- Table structure for table `entrada`
--

DROP TABLE IF EXISTS `entrada`;
/*!40101 SET @saved_cs_client     = @@character_set_client */;
/*!50503 SET character_set_client = utf8mb4 */;
CREATE TABLE `entrada` (
  `entrada_id` int NOT NULL AUTO_INCREMENT,
  `partido_id` int NOT NULL,
  `usuario_id` int DEFAULT NULL,
  `estado` enum('disponible','reservada','pagada','transferida','cancelada') COLLATE utf8mb4_unicode_ci NOT NULL DEFAULT 'disponible',
  `asiento` varchar(20) COLLATE utf8mb4_unicode_ci DEFAULT NULL,
  `seccion` varchar(50) COLLATE utf8mb4_unicode_ci DEFAULT NULL,
  `precio` decimal(10,2) NOT NULL DEFAULT '0.00',
  `codigo_qr` varchar(100) COLLATE utf8mb4_unicode_ci DEFAULT NULL,
  PRIMARY KEY (`entrada_id`),
  KEY `idx_partido` (`partido_id`),
  KEY `idx_usuario` (`usuario_id`),
  CONSTRAINT `entrada_ibfk_1` FOREIGN KEY (`partido_id`) REFERENCES `partido` (`partido_id`),
  CONSTRAINT `entrada_ibfk_2` FOREIGN KEY (`usuario_id`) REFERENCES `usuario` (`usuario_id`)
) ENGINE=InnoDB AUTO_INCREMENT=1441 DEFAULT CHARSET=utf8mb4 COLLATE=utf8mb4_unicode_ci;
/*!40101 SET character_set_client = @saved_cs_client */;

--
-- Dumping data for table `entrada`
--

LOCK TABLES `entrada` WRITE;
/*!40000 ALTER TABLE `entrada` DISABLE KEYS */;
INSERT INTO `entrada` VALUES (1,1,NULL,'disponible','S1','Sur',150.00,NULL),(2,1,NULL,'disponible','V2','VIP',450.00,NULL),(3,1,NULL,'disponible','V3','VIP',450.00,NULL),(4,1,NULL,'disponible','N4','Norte',150.00,NULL),(5,1,NULL,'disponible','V5','VIP',450.00,NULL),(6,1,NULL,'disponible','N6','Norte',150.00,NULL),(7,1,NULL,'disponible','G7','General',150.00,NULL),(8,1,NULL,'disponible','P8','Preferencial',300.00,NULL),(9,1,NULL,'disponible','V9','VIP',450.00,NULL),(10,1,NULL,'disponible','S10','Sur',150.00,NULL),(11,1,NULL,'disponible','N11','Norte',150.00,NULL),(12,1,NULL,'disponible','G12','General',150.00,NULL),(13,1,NULL,'disponible','S13','Sur',150.00,NULL),(14,1,NULL,'disponible','G14','General',150.00,NULL),(15,1,NULL,'disponible','G15','General',150.00,NULL),(16,1,NULL,'disponible','N16','Norte',150.00,NULL),(17,1,NULL,'disponible','G17','General',150.00,NULL),(18,1,NULL,'disponible','G18','General',150.00,NULL),(19,1,NULL,'disponible','P19','Preferencial',300.00,NULL),(20,1,NULL,'disponible','V20','VIP',450.00,NULL),(21,2,NULL,'disponible','P1','Preferencial',300.00,NULL),(22,2,NULL,'disponible','S2','Sur',150.00,NULL),(23,2,NULL,'disponible','V3','VIP',450.00,NULL),(24,2,NULL,'disponible','G4','General',150.00,NULL),(25,2,NULL,'disponible','V5','VIP',450.00,NULL),(26,2,NULL,'disponible','G6','General',150.00,NULL),(27,2,NULL,'disponible','S7','Sur',150.00,NULL),(28,2,NULL,'disponible','S8','Sur',150.00,NULL),(29,2,NULL,'disponible','S9','Sur',150.00,NULL),(30,2,NULL,'disponible','V10','VIP',450.00,NULL),(31,2,NULL,'disponible','S11','Sur',150.00,NULL),(32,2,NULL,'disponible','V12','VIP',450.00,NULL),(33,2,NULL,'disponible','N13','Norte',150.00,NULL),(34,2,NULL,'disponible','V14','VIP',450.00,NULL),(35,2,NULL,'disponible','V15','VIP',450.00,NULL),(36,2,NULL,'disponible','V16','VIP',450.00,NULL),(37,2,NULL,'disponible','G17','General',150.00,NULL),(38,2,NULL,'disponible','N18','Norte',150.00,NULL),(39,2,NULL,'disponible','V19','VIP',450.00,NULL),(40,2,NULL,'disponible','V20','VIP',450.00,NULL),(41,3,NULL,'disponible','V1','VIP',450.00,NULL),(42,3,NULL,'disponible','G2','General',150.00,NULL),(43,3,NULL,'disponible','V3','VIP',450.00,NULL),(44,3,NULL,'disponible','V4','VIP',450.00,NULL),(45,3,NULL,'disponible','N5','Norte',150.00,NULL),(46,3,NULL,'disponible','S6','Sur',150.00,NULL),(47,3,NULL,'disponible','G7','General',150.00,NULL),(48,3,NULL,'disponible','N8','Norte',150.00,NULL),(49,3,NULL,'disponible','G9','General',150.00,NULL),(50,3,NULL,'disponible','V10','VIP',450.00,NULL),(51,3,NULL,'disponible','S11','Sur',150.00,NULL),(52,3,NULL,'disponible','S12','Sur',150.00,NULL),(53,3,NULL,'disponible','N13','Norte',150.00,NULL),(54,3,NULL,'disponible','N14','Norte',150.00,NULL),(55,3,NULL,'disponible','V15','VIP',450.00,NULL),(56,3,NULL,'disponible','G16','General',150.00,NULL),(57,3,NULL,'disponible','V17','VIP',450.00,NULL),(58,3,NULL,'disponible','N18','Norte',150.00,NULL),(59,3,NULL,'disponible','G19','General',150.00,NULL),(60,3,NULL,'disponible','P20','Preferencial',300.00,NULL),(61,4,NULL,'disponible','P1','Preferencial',300.00,NULL),(62,4,NULL,'disponible','S2','Sur',150.00,NULL),(63,4,NULL,'disponible','P3','Preferencial',300.00,NULL),(64,4,NULL,'disponible','S4','Sur',150.00,NULL),(65,4,NULL,'disponible','S5','Sur',150.00,NULL),(66,4,NULL,'disponible','N6','Norte',150.00,NULL),(67,4,NULL,'disponible','S7','Sur',150.00,NULL),(68,4,NULL,'disponible','V8','VIP',450.00,NULL),(69,4,NULL,'disponible','G9','General',150.00,NULL),(70,4,NULL,'disponible','V10','VIP',450.00,NULL),(71,4,NULL,'disponible','N11','Norte',150.00,NULL),(72,4,NULL,'disponible','P12','Preferencial',300.00,NULL),(73,4,NULL,'disponible','N13','Norte',150.00,NULL),(74,4,NULL,'disponible','V14','VIP',450.00,NULL),(75,4,NULL,'disponible','S15','Sur',150.00,NULL),(76,4,NULL,'disponible','N16','Norte',150.00,NULL),(77,4,NULL,'disponible','G17','General',150.00,NULL),(78,4,NULL,'disponible','G18','General',150.00,NULL),(79,4,NULL,'disponible','V19','VIP',450.00,NULL),(80,4,NULL,'disponible','V20','VIP',450.00,NULL),(81,5,NULL,'disponible','G1','General',150.00,NULL),(82,5,NULL,'disponible','V2','VIP',450.00,NULL),(83,5,NULL,'disponible','P3','Preferencial',300.00,NULL),(84,5,NULL,'disponible','N4','Norte',150.00,NULL),(85,5,NULL,'disponible','N5','Norte',150.00,NULL),(86,5,NULL,'disponible','P6','Preferencial',300.00,NULL),(87,5,NULL,'disponible','G7','General',150.00,NULL),(88,5,NULL,'disponible','V8','VIP',450.00,NULL),(89,5,NULL,'disponible','V9','VIP',450.00,NULL),(90,5,NULL,'disponible','N10','Norte',150.00,NULL),(91,5,NULL,'disponible','N11','Norte',150.00,NULL),(92,5,NULL,'disponible','S12','Sur',150.00,NULL),(93,5,NULL,'disponible','S13','Sur',150.00,NULL),(94,5,NULL,'disponible','N14','Norte',150.00,NULL),(95,5,NULL,'disponible','V15','VIP',450.00,NULL),(96,5,NULL,'disponible','S16','Sur',150.00,NULL),(97,5,NULL,'disponible','V17','VIP',450.00,NULL),(98,5,NULL,'disponible','G18','General',150.00,NULL),(99,5,NULL,'disponible','N19','Norte',150.00,NULL),(100,5,NULL,'disponible','S20','Sur',150.00,NULL),(101,6,NULL,'disponible','G1','General',150.00,NULL),(102,6,NULL,'disponible','N2','Norte',150.00,NULL),(103,6,NULL,'disponible','N3','Norte',150.00,NULL),(104,6,NULL,'disponible','G4','General',150.00,NULL),(105,6,NULL,'disponible','G5','General',150.00,NULL),(106,6,NULL,'disponible','V6','VIP',450.00,NULL),(107,6,NULL,'disponible','P7','Preferencial',300.00,NULL),(108,6,NULL,'disponible','V8','VIP',450.00,NULL),(109,6,NULL,'disponible','G9','General',150.00,NULL),(110,6,NULL,'disponible','V10','VIP',450.00,NULL),(111,6,NULL,'disponible','V11','VIP',450.00,NULL),(112,6,NULL,'disponible','S12','Sur',150.00,NULL),(113,6,NULL,'disponible','P13','Preferencial',300.00,NULL),(114,6,NULL,'disponible','N14','Norte',150.00,NULL),(115,6,NULL,'disponible','G15','General',150.00,NULL),(116,6,NULL,'disponible','G16','General',150.00,NULL),(117,6,NULL,'disponible','G17','General',150.00,NULL),(118,6,NULL,'disponible','P18','Preferencial',300.00,NULL),(119,6,NULL,'disponible','N19','Norte',150.00,NULL),(120,6,NULL,'disponible','V20','VIP',450.00,NULL),(121,7,NULL,'disponible','S1','Sur',150.00,NULL),(122,7,NULL,'disponible','V2','VIP',450.00,NULL),(123,7,NULL,'disponible','S3','Sur',150.00,NULL),(124,7,NULL,'disponible','P4','Preferencial',300.00,NULL),(125,7,NULL,'disponible','P5','Preferencial',300.00,NULL),(126,7,NULL,'disponible','N6','Norte',150.00,NULL),(127,7,NULL,'disponible','N7','Norte',150.00,NULL),(128,7,NULL,'disponible','P8','Preferencial',300.00,NULL),(129,7,NULL,'disponible','S9','Sur',150.00,NULL),(130,7,NULL,'disponible','S10','Sur',150.00,NULL),(131,7,NULL,'disponible','S11','Sur',150.00,NULL),(132,7,NULL,'disponible','N12','Norte',150.00,NULL),(133,7,NULL,'disponible','S13','Sur',150.00,NULL),(134,7,NULL,'disponible','G14','General',150.00,NULL),(135,7,NULL,'disponible','V15','VIP',450.00,NULL),(136,7,NULL,'disponible','N16','Norte',150.00,NULL),(137,7,NULL,'disponible','G17','General',150.00,NULL),(138,7,NULL,'disponible','N18','Norte',150.00,NULL),(139,7,NULL,'disponible','N19','Norte',150.00,NULL),(140,7,NULL,'disponible','G20','General',150.00,NULL),(141,8,NULL,'disponible','G1','General',150.00,NULL),(142,8,NULL,'disponible','V2','VIP',450.00,NULL),(143,8,NULL,'disponible','P3','Preferencial',300.00,NULL),(144,8,NULL,'disponible','N4','Norte',150.00,NULL),(145,8,NULL,'disponible','P5','Preferencial',300.00,NULL),(146,8,NULL,'disponible','V6','VIP',450.00,NULL),(147,8,NULL,'disponible','G7','General',150.00,NULL),(148,8,NULL,'disponible','V8','VIP',450.00,NULL),(149,8,NULL,'disponible','V9','VIP',450.00,NULL),(150,8,NULL,'disponible','G10','General',150.00,NULL),(151,8,NULL,'disponible','V11','VIP',450.00,NULL),(152,8,NULL,'disponible','N12','Norte',150.00,NULL),(153,8,NULL,'disponible','S13','Sur',150.00,NULL),(154,8,NULL,'disponible','G14','General',150.00,NULL),(155,8,NULL,'disponible','N15','Norte',150.00,NULL),(156,8,NULL,'disponible','N16','Norte',150.00,NULL),(157,8,NULL,'disponible','V17','VIP',450.00,NULL),(158,8,NULL,'disponible','V18','VIP',450.00,NULL),(159,8,NULL,'disponible','V19','VIP',450.00,NULL),(160,8,NULL,'disponible','V20','VIP',450.00,NULL),(161,9,NULL,'disponible','P1','Preferencial',300.00,NULL),(162,9,NULL,'disponible','G2','General',150.00,NULL),(163,9,NULL,'disponible','N3','Norte',150.00,NULL),(164,9,NULL,'disponible','N4','Norte',150.00,NULL),(165,9,NULL,'disponible','V5','VIP',450.00,NULL),(166,9,NULL,'disponible','N6','Norte',150.00,NULL),(167,9,NULL,'disponible','P7','Preferencial',300.00,NULL),(168,9,NULL,'disponible','G8','General',150.00,NULL),(169,9,NULL,'disponible','V9','VIP',450.00,NULL),(170,9,NULL,'disponible','V10','VIP',450.00,NULL),(171,9,NULL,'disponible','P11','Preferencial',300.00,NULL),(172,9,NULL,'disponible','N12','Norte',150.00,NULL),(173,9,NULL,'disponible','N13','Norte',150.00,NULL),(174,9,NULL,'disponible','S14','Sur',150.00,NULL),(175,9,NULL,'disponible','G15','General',150.00,NULL),(176,9,NULL,'disponible','N16','Norte',150.00,NULL),(177,9,NULL,'disponible','V17','VIP',450.00,NULL),(178,9,NULL,'disponible','P18','Preferencial',300.00,NULL),(179,9,NULL,'disponible','N19','Norte',150.00,NULL),(180,9,NULL,'disponible','S20','Sur',150.00,NULL),(181,10,NULL,'disponible','N1','Norte',150.00,NULL),(182,10,NULL,'disponible','V2','VIP',450.00,NULL),(183,10,NULL,'disponible','G3','General',150.00,NULL),(184,10,NULL,'disponible','P4','Preferencial',300.00,NULL),(185,10,NULL,'disponible','G5','General',150.00,NULL),(186,10,NULL,'disponible','N6','Norte',150.00,NULL),(187,10,NULL,'disponible','G7','General',150.00,NULL),(188,10,NULL,'disponible','P8','Preferencial',300.00,NULL),(189,10,NULL,'disponible','N9','Norte',150.00,NULL),(190,10,NULL,'disponible','V10','VIP',450.00,NULL),(191,10,NULL,'disponible','S11','Sur',150.00,NULL),(192,10,NULL,'disponible','N12','Norte',150.00,NULL),(193,10,NULL,'disponible','G13','General',150.00,NULL),(194,10,NULL,'disponible','N14','Norte',150.00,NULL),(195,10,NULL,'disponible','N15','Norte',150.00,NULL),(196,10,NULL,'disponible','V16','VIP',450.00,NULL),(197,10,NULL,'disponible','P17','Preferencial',300.00,NULL),(198,10,NULL,'disponible','V18','VIP',450.00,NULL),(199,10,NULL,'disponible','V19','VIP',450.00,NULL),(200,10,NULL,'disponible','V20','VIP',450.00,NULL),(201,11,NULL,'disponible','G1','General',150.00,NULL),(202,11,NULL,'disponible','V2','VIP',450.00,NULL),(203,11,NULL,'disponible','N3','Norte',150.00,NULL),(204,11,NULL,'disponible','S4','Sur',150.00,NULL),(205,11,NULL,'disponible','G5','General',150.00,NULL),(206,11,NULL,'disponible','S6','Sur',150.00,NULL),(207,11,NULL,'disponible','G7','General',150.00,NULL),(208,11,NULL,'disponible','N8','Norte',150.00,NULL),(209,11,NULL,'disponible','P9','Preferencial',300.00,NULL),(210,11,NULL,'disponible','P10','Preferencial',300.00,NULL),(211,11,NULL,'disponible','N11','Norte',150.00,NULL),(212,11,NULL,'disponible','V12','VIP',450.00,NULL),(213,11,NULL,'disponible','V13','VIP',450.00,NULL),(214,11,NULL,'disponible','P14','Preferencial',300.00,NULL),(215,11,NULL,'disponible','N15','Norte',150.00,NULL),(216,11,NULL,'disponible','S16','Sur',150.00,NULL),(217,11,NULL,'disponible','G17','General',150.00,NULL),(218,11,NULL,'disponible','G18','General',150.00,NULL),(219,11,NULL,'disponible','G19','General',150.00,NULL),(220,11,NULL,'disponible','S20','Sur',150.00,NULL),(221,12,NULL,'disponible','S1','Sur',150.00,NULL),(222,12,NULL,'disponible','V2','VIP',450.00,NULL),(223,12,NULL,'disponible','P3','Preferencial',300.00,NULL),(224,12,NULL,'disponible','S4','Sur',150.00,NULL),(225,12,NULL,'disponible','V5','VIP',450.00,NULL),(226,12,NULL,'disponible','N6','Norte',150.00,NULL),(227,12,NULL,'disponible','P7','Preferencial',300.00,NULL),(228,12,NULL,'disponible','S8','Sur',150.00,NULL),(229,12,NULL,'disponible','P9','Preferencial',300.00,NULL),(230,12,NULL,'disponible','V10','VIP',450.00,NULL),(231,12,NULL,'disponible','G11','General',150.00,NULL),(232,12,NULL,'disponible','G12','General',150.00,NULL),(233,12,NULL,'disponible','N13','Norte',150.00,NULL),(234,12,NULL,'disponible','G14','General',150.00,NULL),(235,12,NULL,'disponible','P15','Preferencial',300.00,NULL),(236,12,NULL,'disponible','N16','Norte',150.00,NULL),(237,12,NULL,'disponible','P17','Preferencial',300.00,NULL),(238,12,NULL,'disponible','V18','VIP',450.00,NULL),(239,12,NULL,'disponible','G19','General',150.00,NULL),(240,12,NULL,'disponible','N20','Norte',150.00,NULL),(241,13,NULL,'disponible','N1','Norte',150.00,NULL),(242,13,NULL,'disponible','V2','VIP',450.00,NULL),(243,13,NULL,'disponible','S3','Sur',150.00,NULL),(244,13,NULL,'disponible','G4','General',150.00,NULL),(245,13,NULL,'disponible','V5','VIP',450.00,NULL),(246,13,NULL,'disponible','V6','VIP',450.00,NULL),(247,13,NULL,'disponible','G7','General',150.00,NULL),(248,13,NULL,'disponible','P8','Preferencial',300.00,NULL),(249,13,NULL,'disponible','S9','Sur',150.00,NULL),(250,13,NULL,'disponible','P10','Preferencial',300.00,NULL),(251,13,NULL,'disponible','N11','Norte',150.00,NULL),(252,13,NULL,'disponible','S12','Sur',150.00,NULL),(253,13,NULL,'disponible','S13','Sur',150.00,NULL),(254,13,NULL,'disponible','S14','Sur',150.00,NULL),(255,13,NULL,'disponible','G15','General',150.00,NULL),(256,13,NULL,'disponible','N16','Norte',150.00,NULL),(257,13,NULL,'disponible','V17','VIP',450.00,NULL),(258,13,NULL,'disponible','G18','General',150.00,NULL),(259,13,NULL,'disponible','N19','Norte',150.00,NULL),(260,13,NULL,'disponible','N20','Norte',150.00,NULL),(261,14,NULL,'disponible','N1','Norte',150.00,NULL),(262,14,NULL,'disponible','P2','Preferencial',300.00,NULL),(263,14,NULL,'disponible','S3','Sur',150.00,NULL),(264,14,NULL,'disponible','G4','General',150.00,NULL),(265,14,NULL,'disponible','N5','Norte',150.00,NULL),(266,14,NULL,'disponible','V6','VIP',450.00,NULL),(267,14,NULL,'disponible','P7','Preferencial',300.00,NULL),(268,14,NULL,'disponible','P8','Preferencial',300.00,NULL),(269,14,NULL,'disponible','G9','General',150.00,NULL),(270,14,NULL,'disponible','G10','General',150.00,NULL),(271,14,NULL,'disponible','S11','Sur',150.00,NULL),(272,14,NULL,'disponible','S12','Sur',150.00,NULL),(273,14,NULL,'disponible','S13','Sur',150.00,NULL),(274,14,NULL,'disponible','G14','General',150.00,NULL),(275,14,NULL,'disponible','G15','General',150.00,NULL),(276,14,NULL,'disponible','N16','Norte',150.00,NULL),(277,14,NULL,'disponible','V17','VIP',450.00,NULL),(278,14,NULL,'disponible','G18','General',150.00,NULL),(279,14,NULL,'disponible','G19','General',150.00,NULL),(280,14,NULL,'disponible','P20','Preferencial',300.00,NULL),(281,15,NULL,'disponible','S1','Sur',150.00,NULL),(282,15,NULL,'disponible','G2','General',150.00,NULL),(283,15,NULL,'disponible','P3','Preferencial',300.00,NULL),(284,15,NULL,'disponible','S4','Sur',150.00,NULL),(285,15,NULL,'disponible','S5','Sur',150.00,NULL),(286,15,NULL,'disponible','V6','VIP',450.00,NULL),(287,15,NULL,'disponible','G7','General',150.00,NULL),(288,15,NULL,'disponible','V8','VIP',450.00,NULL),(289,15,NULL,'disponible','G9','General',150.00,NULL),(290,15,NULL,'disponible','P10','Preferencial',300.00,NULL),(291,15,NULL,'disponible','S11','Sur',150.00,NULL),(292,15,NULL,'disponible','V12','VIP',450.00,NULL),(293,15,NULL,'disponible','G13','General',150.00,NULL),(294,15,NULL,'disponible','V14','VIP',450.00,NULL),(295,15,NULL,'disponible','G15','General',150.00,NULL),(296,15,NULL,'disponible','P16','Preferencial',300.00,NULL),(297,15,NULL,'disponible','G17','General',150.00,NULL),(298,15,NULL,'disponible','S18','Sur',150.00,NULL),(299,15,NULL,'disponible','G19','General',150.00,NULL),(300,15,NULL,'disponible','G20','General',150.00,NULL),(301,16,NULL,'disponible','S1','Sur',150.00,NULL),(302,16,NULL,'disponible','N2','Norte',150.00,NULL),(303,16,NULL,'disponible','P3','Preferencial',300.00,NULL),(304,16,NULL,'disponible','S4','Sur',150.00,NULL),(305,16,NULL,'disponible','V5','VIP',450.00,NULL),(306,16,NULL,'disponible','P6','Preferencial',300.00,NULL),(307,16,NULL,'disponible','G7','General',150.00,NULL),(308,16,NULL,'disponible','P8','Preferencial',300.00,NULL),(309,16,NULL,'disponible','V9','VIP',450.00,NULL),(310,16,NULL,'disponible','N10','Norte',150.00,NULL),(311,16,NULL,'disponible','P11','Preferencial',300.00,NULL),(312,16,NULL,'disponible','V12','VIP',450.00,NULL),(313,16,NULL,'disponible','P13','Preferencial',300.00,NULL),(314,16,NULL,'disponible','G14','General',150.00,NULL),(315,16,NULL,'disponible','P15','Preferencial',300.00,NULL),(316,16,NULL,'disponible','N16','Norte',150.00,NULL),(317,16,NULL,'disponible','N17','Norte',150.00,NULL),(318,16,NULL,'disponible','S18','Sur',150.00,NULL),(319,16,NULL,'disponible','G19','General',150.00,NULL),(320,16,NULL,'disponible','P20','Preferencial',300.00,NULL),(321,17,NULL,'disponible','N1','Norte',150.00,NULL),(322,17,NULL,'disponible','G2','General',150.00,NULL),(323,17,NULL,'disponible','V3','VIP',450.00,NULL),(324,17,NULL,'disponible','N4','Norte',150.00,NULL),(325,17,NULL,'disponible','S5','Sur',150.00,NULL),(326,17,NULL,'disponible','N6','Norte',150.00,NULL),(327,17,NULL,'disponible','S7','Sur',150.00,NULL),(328,17,NULL,'disponible','N8','Norte',150.00,NULL),(329,17,NULL,'disponible','V9','VIP',450.00,NULL),(330,17,NULL,'disponible','S10','Sur',150.00,NULL),(331,17,NULL,'disponible','N11','Norte',150.00,NULL),(332,17,NULL,'disponible','G12','General',150.00,NULL),(333,17,NULL,'disponible','S13','Sur',150.00,NULL),(334,17,NULL,'disponible','S14','Sur',150.00,NULL),(335,17,NULL,'disponible','N15','Norte',150.00,NULL),(336,17,NULL,'disponible','S16','Sur',150.00,NULL),(337,17,NULL,'disponible','P17','Preferencial',300.00,NULL),(338,17,NULL,'disponible','P18','Preferencial',300.00,NULL),(339,17,NULL,'disponible','G19','General',150.00,NULL),(340,17,NULL,'disponible','N20','Norte',150.00,NULL),(341,18,NULL,'disponible','V1','VIP',450.00,NULL),(342,18,NULL,'disponible','S2','Sur',150.00,NULL),(343,18,NULL,'disponible','P3','Preferencial',300.00,NULL),(344,18,NULL,'disponible','N4','Norte',150.00,NULL),(345,18,NULL,'disponible','S5','Sur',150.00,NULL),(346,18,NULL,'disponible','P6','Preferencial',300.00,NULL),(347,18,NULL,'disponible','V7','VIP',450.00,NULL),(348,18,NULL,'disponible','G8','General',150.00,NULL),(349,18,NULL,'disponible','V9','VIP',450.00,NULL),(350,18,NULL,'disponible','V10','VIP',450.00,NULL),(351,18,NULL,'disponible','G11','General',150.00,NULL),(352,18,NULL,'disponible','V12','VIP',450.00,NULL),(353,18,NULL,'disponible','N13','Norte',150.00,NULL),(354,18,NULL,'disponible','G14','General',150.00,NULL),(355,18,NULL,'disponible','V15','VIP',450.00,NULL),(356,18,NULL,'disponible','P16','Preferencial',300.00,NULL),(357,18,NULL,'disponible','P17','Preferencial',300.00,NULL),(358,18,NULL,'disponible','G18','General',150.00,NULL),(359,18,NULL,'disponible','G19','General',150.00,NULL),(360,18,NULL,'disponible','N20','Norte',150.00,NULL),(361,19,NULL,'disponible','P1','Preferencial',300.00,NULL),(362,19,NULL,'disponible','V2','VIP',450.00,NULL),(363,19,NULL,'disponible','S3','Sur',150.00,NULL),(364,19,NULL,'disponible','G4','General',150.00,NULL),(365,19,NULL,'disponible','G5','General',150.00,NULL),(366,19,NULL,'disponible','P6','Preferencial',300.00,NULL),(367,19,NULL,'disponible','P7','Preferencial',300.00,NULL),(368,19,NULL,'disponible','N8','Norte',150.00,NULL),(369,19,NULL,'disponible','V9','VIP',450.00,NULL),(370,19,NULL,'disponible','S10','Sur',150.00,NULL),(371,19,NULL,'disponible','V11','VIP',450.00,NULL),(372,19,NULL,'disponible','G12','General',150.00,NULL),(373,19,NULL,'disponible','V13','VIP',450.00,NULL),(374,19,NULL,'disponible','S14','Sur',150.00,NULL),(375,19,NULL,'disponible','V15','VIP',450.00,NULL),(376,19,NULL,'disponible','P16','Preferencial',300.00,NULL),(377,19,NULL,'disponible','V17','VIP',450.00,NULL),(378,19,NULL,'disponible','S18','Sur',150.00,NULL),(379,19,NULL,'disponible','P19','Preferencial',300.00,NULL),(380,19,NULL,'disponible','S20','Sur',150.00,NULL),(381,20,NULL,'disponible','G1','General',150.00,NULL),(382,20,NULL,'disponible','P2','Preferencial',300.00,NULL),(383,20,NULL,'disponible','G3','General',150.00,NULL),(384,20,NULL,'disponible','P4','Preferencial',300.00,NULL),(385,20,NULL,'disponible','V5','VIP',450.00,NULL),(386,20,NULL,'disponible','S6','Sur',150.00,NULL),(387,20,NULL,'disponible','N7','Norte',150.00,NULL),(388,20,NULL,'disponible','V8','VIP',450.00,NULL),(389,20,NULL,'disponible','P9','Preferencial',300.00,NULL),(390,20,NULL,'disponible','N10','Norte',150.00,NULL),(391,20,NULL,'disponible','S11','Sur',150.00,NULL),(392,20,NULL,'disponible','N12','Norte',150.00,NULL),(393,20,NULL,'disponible','P13','Preferencial',300.00,NULL),(394,20,NULL,'disponible','S14','Sur',150.00,NULL),(395,20,NULL,'disponible','S15','Sur',150.00,NULL),(396,20,NULL,'disponible','N16','Norte',150.00,NULL),(397,20,NULL,'disponible','N17','Norte',150.00,NULL),(398,20,NULL,'disponible','P18','Preferencial',300.00,NULL),(399,20,NULL,'disponible','P19','Preferencial',300.00,NULL),(400,20,NULL,'disponible','S20','Sur',150.00,NULL),(401,21,NULL,'disponible','G1','General',150.00,NULL),(402,21,NULL,'disponible','V2','VIP',450.00,NULL),(403,21,NULL,'disponible','P3','Preferencial',300.00,NULL),(404,21,NULL,'disponible','P4','Preferencial',300.00,NULL),(405,21,NULL,'disponible','V5','VIP',450.00,NULL),(406,21,NULL,'disponible','G6','General',150.00,NULL),(407,21,NULL,'disponible','N7','Norte',150.00,NULL),(408,21,NULL,'disponible','P8','Preferencial',300.00,NULL),(409,21,NULL,'disponible','V9','VIP',450.00,NULL),(410,21,NULL,'disponible','G10','General',150.00,NULL),(411,21,NULL,'disponible','V11','VIP',450.00,NULL),(412,21,NULL,'disponible','G12','General',150.00,NULL),(413,21,NULL,'disponible','N13','Norte',150.00,NULL),(414,21,NULL,'disponible','N14','Norte',150.00,NULL),(415,21,NULL,'disponible','N15','Norte',150.00,NULL),(416,21,NULL,'disponible','V16','VIP',450.00,NULL),(417,21,NULL,'disponible','G17','General',150.00,NULL),(418,21,NULL,'disponible','S18','Sur',150.00,NULL),(419,21,NULL,'disponible','V19','VIP',450.00,NULL),(420,21,NULL,'disponible','N20','Norte',150.00,NULL),(421,22,NULL,'disponible','S1','Sur',150.00,NULL),(422,22,NULL,'disponible','G2','General',150.00,NULL),(423,22,NULL,'disponible','G3','General',150.00,NULL),(424,22,NULL,'disponible','P4','Preferencial',300.00,NULL),(425,22,NULL,'disponible','S5','Sur',150.00,NULL),(426,22,NULL,'disponible','G6','General',150.00,NULL),(427,22,NULL,'disponible','P7','Preferencial',300.00,NULL),(428,22,NULL,'disponible','N8','Norte',150.00,NULL),(429,22,NULL,'disponible','S9','Sur',150.00,NULL),(430,22,NULL,'disponible','N10','Norte',150.00,NULL),(431,22,NULL,'disponible','V11','VIP',450.00,NULL),(432,22,NULL,'disponible','V12','VIP',450.00,NULL),(433,22,NULL,'disponible','P13','Preferencial',300.00,NULL),(434,22,NULL,'disponible','S14','Sur',150.00,NULL),(435,22,NULL,'disponible','G15','General',150.00,NULL),(436,22,NULL,'disponible','G16','General',150.00,NULL),(437,22,NULL,'disponible','N17','Norte',150.00,NULL),(438,22,NULL,'disponible','P18','Preferencial',300.00,NULL),(439,22,NULL,'disponible','G19','General',150.00,NULL),(440,22,NULL,'disponible','V20','VIP',450.00,NULL),(441,23,NULL,'disponible','N1','Norte',150.00,NULL),(442,23,NULL,'disponible','P2','Preferencial',300.00,NULL),(443,23,NULL,'disponible','V3','VIP',450.00,NULL),(444,23,NULL,'disponible','V4','VIP',450.00,NULL),(445,23,NULL,'disponible','S5','Sur',150.00,NULL),(446,23,NULL,'disponible','P6','Preferencial',300.00,NULL),(447,23,NULL,'disponible','N7','Norte',150.00,NULL),(448,23,NULL,'disponible','P8','Preferencial',300.00,NULL),(449,23,NULL,'disponible','S9','Sur',150.00,NULL),(450,23,NULL,'disponible','S10','Sur',150.00,NULL),(451,23,NULL,'disponible','V11','VIP',450.00,NULL),(452,23,NULL,'disponible','V12','VIP',450.00,NULL),(453,23,NULL,'disponible','N13','Norte',150.00,NULL),(454,23,NULL,'disponible','G14','General',150.00,NULL),(455,23,NULL,'disponible','G15','General',150.00,NULL),(456,23,NULL,'disponible','P16','Preferencial',300.00,NULL),(457,23,NULL,'disponible','N17','Norte',150.00,NULL),(458,23,NULL,'disponible','P18','Preferencial',300.00,NULL),(459,23,NULL,'disponible','N19','Norte',150.00,NULL),(460,23,NULL,'disponible','P20','Preferencial',300.00,NULL),(461,24,NULL,'disponible','P1','Preferencial',300.00,NULL),(462,24,NULL,'disponible','N2','Norte',150.00,NULL),(463,24,NULL,'disponible','P3','Preferencial',300.00,NULL),(464,24,NULL,'disponible','V4','VIP',450.00,NULL),(465,24,NULL,'disponible','N5','Norte',150.00,NULL),(466,24,NULL,'disponible','P6','Preferencial',300.00,NULL),(467,24,NULL,'disponible','N7','Norte',150.00,NULL),(468,24,NULL,'disponible','G8','General',150.00,NULL),(469,24,NULL,'disponible','N9','Norte',150.00,NULL),(470,24,NULL,'disponible','V10','VIP',450.00,NULL),(471,24,NULL,'disponible','G11','General',150.00,NULL),(472,24,NULL,'disponible','N12','Norte',150.00,NULL),(473,24,NULL,'disponible','S13','Sur',150.00,NULL),(474,24,NULL,'disponible','S14','Sur',150.00,NULL),(475,24,NULL,'disponible','S15','Sur',150.00,NULL),(476,24,NULL,'disponible','N16','Norte',150.00,NULL),(477,24,NULL,'disponible','G17','General',150.00,NULL),(478,24,NULL,'disponible','P18','Preferencial',300.00,NULL),(479,24,NULL,'disponible','V19','VIP',450.00,NULL),(480,24,NULL,'disponible','P20','Preferencial',300.00,NULL),(481,25,NULL,'disponible','G1','General',150.00,NULL),(482,25,NULL,'disponible','N2','Norte',150.00,NULL),(483,25,NULL,'disponible','G3','General',150.00,NULL),(484,25,NULL,'disponible','S4','Sur',150.00,NULL),(485,25,NULL,'disponible','P5','Preferencial',300.00,NULL),(486,25,NULL,'disponible','N6','Norte',150.00,NULL),(487,25,NULL,'disponible','N7','Norte',150.00,NULL),(488,25,NULL,'disponible','P8','Preferencial',300.00,NULL),(489,25,NULL,'disponible','S9','Sur',150.00,NULL),(490,25,NULL,'disponible','P10','Preferencial',300.00,NULL),(491,25,NULL,'disponible','V11','VIP',450.00,NULL),(492,25,NULL,'disponible','S12','Sur',150.00,NULL),(493,25,NULL,'disponible','V13','VIP',450.00,NULL),(494,25,NULL,'disponible','N14','Norte',150.00,NULL),(495,25,NULL,'disponible','P15','Preferencial',300.00,NULL),(496,25,NULL,'disponible','S16','Sur',150.00,NULL),(497,25,NULL,'disponible','G17','General',150.00,NULL),(498,25,NULL,'disponible','N18','Norte',150.00,NULL),(499,25,NULL,'disponible','G19','General',150.00,NULL),(500,25,NULL,'disponible','V20','VIP',450.00,NULL),(501,26,NULL,'disponible','N1','Norte',150.00,NULL),(502,26,NULL,'disponible','V2','VIP',450.00,NULL),(503,26,NULL,'disponible','P3','Preferencial',300.00,NULL),(504,26,NULL,'disponible','S4','Sur',150.00,NULL),(505,26,NULL,'disponible','G5','General',150.00,NULL),(506,26,NULL,'disponible','P6','Preferencial',300.00,NULL),(507,26,NULL,'disponible','N7','Norte',150.00,NULL),(508,26,NULL,'disponible','P8','Preferencial',300.00,NULL),(509,26,NULL,'disponible','P9','Preferencial',300.00,NULL),(510,26,NULL,'disponible','P10','Preferencial',300.00,NULL),(511,26,NULL,'disponible','V11','VIP',450.00,NULL),(512,26,NULL,'disponible','V12','VIP',450.00,NULL),(513,26,NULL,'disponible','V13','VIP',450.00,NULL),(514,26,NULL,'disponible','S14','Sur',150.00,NULL),(515,26,NULL,'disponible','N15','Norte',150.00,NULL),(516,26,NULL,'disponible','G16','General',150.00,NULL),(517,26,NULL,'disponible','V17','VIP',450.00,NULL),(518,26,NULL,'disponible','P18','Preferencial',300.00,NULL),(519,26,NULL,'disponible','G19','General',150.00,NULL),(520,26,NULL,'disponible','N20','Norte',150.00,NULL),(521,27,NULL,'disponible','S1','Sur',150.00,NULL),(522,27,NULL,'disponible','N2','Norte',150.00,NULL),(523,27,NULL,'disponible','P3','Preferencial',300.00,NULL),(524,27,NULL,'disponible','G4','General',150.00,NULL),(525,27,NULL,'disponible','N5','Norte',150.00,NULL),(526,27,NULL,'disponible','G6','General',150.00,NULL),(527,27,NULL,'disponible','S7','Sur',150.00,NULL),(528,27,NULL,'disponible','G8','General',150.00,NULL),(529,27,NULL,'disponible','N9','Norte',150.00,NULL),(530,27,NULL,'disponible','P10','Preferencial',300.00,NULL),(531,27,NULL,'disponible','V11','VIP',450.00,NULL),(532,27,NULL,'disponible','S12','Sur',150.00,NULL),(533,27,NULL,'disponible','P13','Preferencial',300.00,NULL),(534,27,NULL,'disponible','V14','VIP',450.00,NULL),(535,27,NULL,'disponible','G15','General',150.00,NULL),(536,27,NULL,'disponible','N16','Norte',150.00,NULL),(537,27,NULL,'disponible','P17','Preferencial',300.00,NULL),(538,27,NULL,'disponible','S18','Sur',150.00,NULL),(539,27,NULL,'disponible','G19','General',150.00,NULL),(540,27,NULL,'disponible','V20','VIP',450.00,NULL),(541,28,NULL,'disponible','S1','Sur',150.00,NULL),(542,28,NULL,'disponible','P2','Preferencial',300.00,NULL),(543,28,NULL,'disponible','N3','Norte',150.00,NULL),(544,28,NULL,'disponible','S4','Sur',150.00,NULL),(545,28,NULL,'disponible','N5','Norte',150.00,NULL),(546,28,NULL,'disponible','G6','General',150.00,NULL),(547,28,NULL,'disponible','S7','Sur',150.00,NULL),(548,28,NULL,'disponible','V8','VIP',450.00,NULL),(549,28,NULL,'disponible','N9','Norte',150.00,NULL),(550,28,NULL,'disponible','V10','VIP',450.00,NULL),(551,28,NULL,'disponible','N11','Norte',150.00,NULL),(552,28,NULL,'disponible','S12','Sur',150.00,NULL),(553,28,NULL,'disponible','G13','General',150.00,NULL),(554,28,NULL,'disponible','P14','Preferencial',300.00,NULL),(555,28,NULL,'disponible','S15','Sur',150.00,NULL),(556,28,NULL,'disponible','G16','General',150.00,NULL),(557,28,NULL,'disponible','G17','General',150.00,NULL),(558,28,NULL,'disponible','G18','General',150.00,NULL),(559,28,NULL,'disponible','V19','VIP',450.00,NULL),(560,28,NULL,'disponible','G20','General',150.00,NULL),(561,29,NULL,'disponible','P1','Preferencial',300.00,NULL),(562,29,NULL,'disponible','G2','General',150.00,NULL),(563,29,NULL,'disponible','G3','General',150.00,NULL),(564,29,NULL,'disponible','N4','Norte',150.00,NULL),(565,29,NULL,'disponible','G5','General',150.00,NULL),(566,29,NULL,'disponible','S6','Sur',150.00,NULL),(567,29,NULL,'disponible','G7','General',150.00,NULL),(568,29,NULL,'disponible','G8','General',150.00,NULL),(569,29,NULL,'disponible','V9','VIP',450.00,NULL),(570,29,NULL,'disponible','V10','VIP',450.00,NULL),(571,29,NULL,'disponible','P11','Preferencial',300.00,NULL),(572,29,NULL,'disponible','N12','Norte',150.00,NULL),(573,29,NULL,'disponible','P13','Preferencial',300.00,NULL),(574,29,NULL,'disponible','P14','Preferencial',300.00,NULL),(575,29,NULL,'disponible','N15','Norte',150.00,NULL),(576,29,NULL,'disponible','P16','Preferencial',300.00,NULL),(577,29,NULL,'disponible','N17','Norte',150.00,NULL),(578,29,NULL,'disponible','N18','Norte',150.00,NULL),(579,29,NULL,'disponible','S19','Sur',150.00,NULL),(580,29,NULL,'disponible','V20','VIP',450.00,NULL),(581,30,NULL,'disponible','V1','VIP',450.00,NULL),(582,30,NULL,'disponible','P2','Preferencial',300.00,NULL),(583,30,NULL,'disponible','N3','Norte',150.00,NULL),(584,30,NULL,'disponible','P4','Preferencial',300.00,NULL),(585,30,NULL,'disponible','N5','Norte',150.00,NULL),(586,30,NULL,'disponible','G6','General',150.00,NULL),(587,30,NULL,'disponible','V7','VIP',450.00,NULL),(588,30,NULL,'disponible','N8','Norte',150.00,NULL),(589,30,NULL,'disponible','N9','Norte',150.00,NULL),(590,30,NULL,'disponible','V10','VIP',450.00,NULL),(591,30,NULL,'disponible','P11','Preferencial',300.00,NULL),(592,30,NULL,'disponible','V12','VIP',450.00,NULL),(593,30,NULL,'disponible','S13','Sur',150.00,NULL),(594,30,NULL,'disponible','V14','VIP',450.00,NULL),(595,30,NULL,'disponible','N15','Norte',150.00,NULL),(596,30,NULL,'disponible','N16','Norte',150.00,NULL),(597,30,NULL,'disponible','P17','Preferencial',300.00,NULL),(598,30,NULL,'disponible','S18','Sur',150.00,NULL),(599,30,NULL,'disponible','G19','General',150.00,NULL),(600,30,NULL,'disponible','S20','Sur',150.00,NULL),(601,31,NULL,'disponible','G1','General',150.00,NULL),(602,31,NULL,'disponible','S2','Sur',150.00,NULL),(603,31,NULL,'disponible','S3','Sur',150.00,NULL),(604,31,NULL,'disponible','P4','Preferencial',300.00,NULL),(605,31,NULL,'disponible','N5','Norte',150.00,NULL),(606,31,NULL,'disponible','P6','Preferencial',300.00,NULL),(607,31,NULL,'disponible','G7','General',150.00,NULL),(608,31,NULL,'disponible','P8','Preferencial',300.00,NULL),(609,31,NULL,'disponible','V9','VIP',450.00,NULL),(610,31,NULL,'disponible','G10','General',150.00,NULL),(611,31,NULL,'disponible','S11','Sur',150.00,NULL),(612,31,NULL,'disponible','V12','VIP',450.00,NULL),(613,31,NULL,'disponible','G13','General',150.00,NULL),(614,31,NULL,'disponible','S14','Sur',150.00,NULL),(615,31,NULL,'disponible','S15','Sur',150.00,NULL),(616,31,NULL,'disponible','G16','General',150.00,NULL),(617,31,NULL,'disponible','V17','VIP',450.00,NULL),(618,31,NULL,'disponible','P18','Preferencial',300.00,NULL),(619,31,NULL,'disponible','V19','VIP',450.00,NULL),(620,31,NULL,'disponible','N20','Norte',150.00,NULL),(621,32,NULL,'disponible','N1','Norte',150.00,NULL),(622,32,NULL,'disponible','S2','Sur',150.00,NULL),(623,32,NULL,'disponible','N3','Norte',150.00,NULL),(624,32,NULL,'disponible','V4','VIP',450.00,NULL),(625,32,NULL,'disponible','V5','VIP',450.00,NULL),(626,32,NULL,'disponible','N6','Norte',150.00,NULL),(627,32,NULL,'disponible','S7','Sur',150.00,NULL),(628,32,NULL,'disponible','V8','VIP',450.00,NULL),(629,32,NULL,'disponible','G9','General',150.00,NULL),(630,32,NULL,'disponible','P10','Preferencial',300.00,NULL),(631,32,NULL,'disponible','G11','General',150.00,NULL),(632,32,NULL,'disponible','S12','Sur',150.00,NULL),(633,32,NULL,'disponible','V13','VIP',450.00,NULL),(634,32,NULL,'disponible','V14','VIP',450.00,NULL),(635,32,NULL,'disponible','V15','VIP',450.00,NULL),(636,32,NULL,'disponible','G16','General',150.00,NULL),(637,32,NULL,'disponible','S17','Sur',150.00,NULL),(638,32,NULL,'disponible','S18','Sur',150.00,NULL),(639,32,NULL,'disponible','S19','Sur',150.00,NULL),(640,32,NULL,'disponible','G20','General',150.00,NULL),(641,33,NULL,'disponible','P1','Preferencial',300.00,NULL),(642,33,NULL,'disponible','G2','General',150.00,NULL),(643,33,NULL,'disponible','V3','VIP',450.00,NULL),(644,33,NULL,'disponible','S4','Sur',150.00,NULL),(645,33,NULL,'disponible','N5','Norte',150.00,NULL),(646,33,NULL,'disponible','V6','VIP',450.00,NULL),(647,33,NULL,'disponible','S7','Sur',150.00,NULL),(648,33,NULL,'disponible','G8','General',150.00,NULL),(649,33,NULL,'disponible','N9','Norte',150.00,NULL),(650,33,NULL,'disponible','V10','VIP',450.00,NULL),(651,33,NULL,'disponible','P11','Preferencial',300.00,NULL),(652,33,NULL,'disponible','P12','Preferencial',300.00,NULL),(653,33,NULL,'disponible','S13','Sur',150.00,NULL),(654,33,NULL,'disponible','V14','VIP',450.00,NULL),(655,33,NULL,'disponible','P15','Preferencial',300.00,NULL),(656,33,NULL,'disponible','N16','Norte',150.00,NULL),(657,33,NULL,'disponible','G17','General',150.00,NULL),(658,33,NULL,'disponible','V18','VIP',450.00,NULL),(659,33,NULL,'disponible','N19','Norte',150.00,NULL),(660,33,NULL,'disponible','N20','Norte',150.00,NULL),(661,34,NULL,'disponible','P1','Preferencial',300.00,NULL),(662,34,NULL,'disponible','G2','General',150.00,NULL),(663,34,NULL,'disponible','G3','General',150.00,NULL),(664,34,NULL,'disponible','P4','Preferencial',300.00,NULL),(665,34,NULL,'disponible','G5','General',150.00,NULL),(666,34,NULL,'disponible','G6','General',150.00,NULL),(667,34,NULL,'disponible','S7','Sur',150.00,NULL),(668,34,NULL,'disponible','N8','Norte',150.00,NULL),(669,34,NULL,'disponible','G9','General',150.00,NULL),(670,34,NULL,'disponible','N10','Norte',150.00,NULL),(671,34,NULL,'disponible','G11','General',150.00,NULL),(672,34,NULL,'disponible','V12','VIP',450.00,NULL),(673,34,NULL,'disponible','S13','Sur',150.00,NULL),(674,34,NULL,'disponible','P14','Preferencial',300.00,NULL),(675,34,NULL,'disponible','G15','General',150.00,NULL),(676,34,NULL,'disponible','G16','General',150.00,NULL),(677,34,NULL,'disponible','V17','VIP',450.00,NULL),(678,34,NULL,'disponible','P18','Preferencial',300.00,NULL),(679,34,NULL,'disponible','P19','Preferencial',300.00,NULL),(680,34,NULL,'disponible','V20','VIP',450.00,NULL),(681,35,NULL,'disponible','G1','General',150.00,NULL),(682,35,NULL,'disponible','V2','VIP',450.00,NULL),(683,35,NULL,'disponible','S3','Sur',150.00,NULL),(684,35,NULL,'disponible','G4','General',150.00,NULL),(685,35,NULL,'disponible','P5','Preferencial',300.00,NULL),(686,35,NULL,'disponible','N6','Norte',150.00,NULL),(687,35,NULL,'disponible','G7','General',150.00,NULL),(688,35,NULL,'disponible','S8','Sur',150.00,NULL),(689,35,NULL,'disponible','V9','VIP',450.00,NULL),(690,35,NULL,'disponible','N10','Norte',150.00,NULL),(691,35,NULL,'disponible','G11','General',150.00,NULL),(692,35,NULL,'disponible','N12','Norte',150.00,NULL),(693,35,NULL,'disponible','G13','General',150.00,NULL),(694,35,NULL,'disponible','G14','General',150.00,NULL),(695,35,NULL,'disponible','S15','Sur',150.00,NULL),(696,35,NULL,'disponible','S16','Sur',150.00,NULL),(697,35,NULL,'disponible','N17','Norte',150.00,NULL),(698,35,NULL,'disponible','P18','Preferencial',300.00,NULL),(699,35,NULL,'disponible','S19','Sur',150.00,NULL),(700,35,NULL,'disponible','V20','VIP',450.00,NULL),(701,36,NULL,'disponible','G1','General',150.00,NULL),(702,36,NULL,'disponible','G2','General',150.00,NULL),(703,36,NULL,'disponible','P3','Preferencial',300.00,NULL),(704,36,NULL,'disponible','G4','General',150.00,NULL),(705,36,NULL,'disponible','P5','Preferencial',300.00,NULL),(706,36,NULL,'disponible','V6','VIP',450.00,NULL),(707,36,NULL,'disponible','P7','Preferencial',300.00,NULL),(708,36,NULL,'disponible','G8','General',150.00,NULL),(709,36,NULL,'disponible','P9','Preferencial',300.00,NULL),(710,36,NULL,'disponible','S10','Sur',150.00,NULL),(711,36,NULL,'disponible','S11','Sur',150.00,NULL),(712,36,NULL,'disponible','P12','Preferencial',300.00,NULL),(713,36,NULL,'disponible','P13','Preferencial',300.00,NULL),(714,36,NULL,'disponible','P14','Preferencial',300.00,NULL),(715,36,NULL,'disponible','S15','Sur',150.00,NULL),(716,36,NULL,'disponible','G16','General',150.00,NULL),(717,36,NULL,'disponible','N17','Norte',150.00,NULL),(718,36,NULL,'disponible','S18','Sur',150.00,NULL),(719,36,NULL,'disponible','N19','Norte',150.00,NULL),(720,36,NULL,'disponible','G20','General',150.00,NULL),(721,37,NULL,'disponible','N1','Norte',150.00,NULL),(722,37,NULL,'disponible','N2','Norte',150.00,NULL),(723,37,NULL,'disponible','S3','Sur',150.00,NULL),(724,37,NULL,'disponible','S4','Sur',150.00,NULL),(725,37,NULL,'disponible','N5','Norte',150.00,NULL),(726,37,NULL,'disponible','V6','VIP',450.00,NULL),(727,37,NULL,'disponible','S7','Sur',150.00,NULL),(728,37,NULL,'disponible','V8','VIP',450.00,NULL),(729,37,NULL,'disponible','V9','VIP',450.00,NULL),(730,37,NULL,'disponible','N10','Norte',150.00,NULL),(731,37,NULL,'disponible','N11','Norte',150.00,NULL),(732,37,NULL,'disponible','P12','Preferencial',300.00,NULL),(733,37,NULL,'disponible','N13','Norte',150.00,NULL),(734,37,NULL,'disponible','V14','VIP',450.00,NULL),(735,37,NULL,'disponible','P15','Preferencial',300.00,NULL),(736,37,NULL,'disponible','G16','General',150.00,NULL),(737,37,NULL,'disponible','P17','Preferencial',300.00,NULL),(738,37,NULL,'disponible','S18','Sur',150.00,NULL),(739,37,NULL,'disponible','G19','General',150.00,NULL),(740,37,NULL,'disponible','V20','VIP',450.00,NULL),(741,38,NULL,'disponible','V1','VIP',450.00,NULL),(742,38,NULL,'disponible','V2','VIP',450.00,NULL),(743,38,NULL,'disponible','V3','VIP',450.00,NULL),(744,38,NULL,'disponible','S4','Sur',150.00,NULL),(745,38,NULL,'disponible','P5','Preferencial',300.00,NULL),(746,38,NULL,'disponible','S6','Sur',150.00,NULL),(747,38,NULL,'disponible','S7','Sur',150.00,NULL),(748,38,NULL,'disponible','P8','Preferencial',300.00,NULL),(749,38,NULL,'disponible','G9','General',150.00,NULL),(750,38,NULL,'disponible','P10','Preferencial',300.00,NULL),(751,38,NULL,'disponible','P11','Preferencial',300.00,NULL),(752,38,NULL,'disponible','N12','Norte',150.00,NULL),(753,38,NULL,'disponible','V13','VIP',450.00,NULL),(754,38,NULL,'disponible','V14','VIP',450.00,NULL),(755,38,NULL,'disponible','V15','VIP',450.00,NULL),(756,38,NULL,'disponible','V16','VIP',450.00,NULL),(757,38,NULL,'disponible','V17','VIP',450.00,NULL),(758,38,NULL,'disponible','V18','VIP',450.00,NULL),(759,38,NULL,'disponible','V19','VIP',450.00,NULL),(760,38,NULL,'disponible','N20','Norte',150.00,NULL),(761,39,NULL,'disponible','N1','Norte',150.00,NULL),(762,39,NULL,'disponible','P2','Preferencial',300.00,NULL),(763,39,NULL,'disponible','N3','Norte',150.00,NULL),(764,39,NULL,'disponible','G4','General',150.00,NULL),(765,39,NULL,'disponible','G5','General',150.00,NULL),(766,39,NULL,'disponible','V6','VIP',450.00,NULL),(767,39,NULL,'disponible','V7','VIP',450.00,NULL),(768,39,NULL,'disponible','N8','Norte',150.00,NULL),(769,39,NULL,'disponible','G9','General',150.00,NULL),(770,39,NULL,'disponible','V10','VIP',450.00,NULL),(771,39,NULL,'disponible','P11','Preferencial',300.00,NULL),(772,39,NULL,'disponible','G12','General',150.00,NULL),(773,39,NULL,'disponible','N13','Norte',150.00,NULL),(774,39,NULL,'disponible','N14','Norte',150.00,NULL),(775,39,NULL,'disponible','G15','General',150.00,NULL),(776,39,NULL,'disponible','N16','Norte',150.00,NULL),(777,39,NULL,'disponible','P17','Preferencial',300.00,NULL),(778,39,NULL,'disponible','P18','Preferencial',300.00,NULL),(779,39,NULL,'disponible','V19','VIP',450.00,NULL),(780,39,NULL,'disponible','N20','Norte',150.00,NULL),(781,40,NULL,'disponible','V1','VIP',450.00,NULL),(782,40,NULL,'disponible','P2','Preferencial',300.00,NULL),(783,40,NULL,'disponible','G3','General',150.00,NULL),(784,40,NULL,'disponible','S4','Sur',150.00,NULL),(785,40,NULL,'disponible','N5','Norte',150.00,NULL),(786,40,NULL,'disponible','S6','Sur',150.00,NULL),(787,40,NULL,'disponible','P7','Preferencial',300.00,NULL),(788,40,NULL,'disponible','P8','Preferencial',300.00,NULL),(789,40,NULL,'disponible','S9','Sur',150.00,NULL),(790,40,NULL,'disponible','S10','Sur',150.00,NULL),(791,40,NULL,'disponible','V11','VIP',450.00,NULL),(792,40,NULL,'disponible','N12','Norte',150.00,NULL),(793,40,NULL,'disponible','N13','Norte',150.00,NULL),(794,40,NULL,'disponible','S14','Sur',150.00,NULL),(795,40,NULL,'disponible','S15','Sur',150.00,NULL),(796,40,NULL,'disponible','P16','Preferencial',300.00,NULL),(797,40,NULL,'disponible','V17','VIP',450.00,NULL),(798,40,NULL,'disponible','V18','VIP',450.00,NULL),(799,40,NULL,'disponible','V19','VIP',450.00,NULL),(800,40,NULL,'disponible','V20','VIP',450.00,NULL),(801,41,NULL,'disponible','S1','Sur',150.00,NULL),(802,41,NULL,'disponible','P2','Preferencial',300.00,NULL),(803,41,NULL,'disponible','P3','Preferencial',300.00,NULL),(804,41,NULL,'disponible','N4','Norte',150.00,NULL),(805,41,NULL,'disponible','S5','Sur',150.00,NULL),(806,41,NULL,'disponible','V6','VIP',450.00,NULL),(807,41,NULL,'disponible','N7','Norte',150.00,NULL),(808,41,NULL,'disponible','S8','Sur',150.00,NULL),(809,41,NULL,'disponible','P9','Preferencial',300.00,NULL),(810,41,NULL,'disponible','S10','Sur',150.00,NULL),(811,41,NULL,'disponible','G11','General',150.00,NULL),(812,41,NULL,'disponible','V12','VIP',450.00,NULL),(813,41,NULL,'disponible','V13','VIP',450.00,NULL),(814,41,NULL,'disponible','P14','Preferencial',300.00,NULL),(815,41,NULL,'disponible','S15','Sur',150.00,NULL),(816,41,NULL,'disponible','V16','VIP',450.00,NULL),(817,41,NULL,'disponible','V17','VIP',450.00,NULL),(818,41,NULL,'disponible','S18','Sur',150.00,NULL),(819,41,NULL,'disponible','S19','Sur',150.00,NULL),(820,41,NULL,'disponible','S20','Sur',150.00,NULL),(821,42,NULL,'disponible','N1','Norte',150.00,NULL),(822,42,NULL,'disponible','S2','Sur',150.00,NULL),(823,42,NULL,'disponible','S3','Sur',150.00,NULL),(824,42,NULL,'disponible','P4','Preferencial',300.00,NULL),(825,42,NULL,'disponible','G5','General',150.00,NULL),(826,42,NULL,'disponible','V6','VIP',450.00,NULL),(827,42,NULL,'disponible','S7','Sur',150.00,NULL),(828,42,NULL,'disponible','S8','Sur',150.00,NULL),(829,42,NULL,'disponible','V9','VIP',450.00,NULL),(830,42,NULL,'disponible','V10','VIP',450.00,NULL),(831,42,NULL,'disponible','G11','General',150.00,NULL),(832,42,NULL,'disponible','N12','Norte',150.00,NULL),(833,42,NULL,'disponible','V13','VIP',450.00,NULL),(834,42,NULL,'disponible','V14','VIP',450.00,NULL),(835,42,NULL,'disponible','N15','Norte',150.00,NULL),(836,42,NULL,'disponible','N16','Norte',150.00,NULL),(837,42,NULL,'disponible','V17','VIP',450.00,NULL),(838,42,NULL,'disponible','N18','Norte',150.00,NULL),(839,42,NULL,'disponible','S19','Sur',150.00,NULL),(840,42,NULL,'disponible','G20','General',150.00,NULL),(841,43,NULL,'disponible','V1','VIP',450.00,NULL),(842,43,NULL,'disponible','N2','Norte',150.00,NULL),(843,43,NULL,'disponible','S3','Sur',150.00,NULL),(844,43,NULL,'disponible','S4','Sur',150.00,NULL),(845,43,NULL,'disponible','S5','Sur',150.00,NULL),(846,43,NULL,'disponible','G6','General',150.00,NULL),(847,43,NULL,'disponible','N7','Norte',150.00,NULL),(848,43,NULL,'disponible','N8','Norte',150.00,NULL),(849,43,NULL,'disponible','N9','Norte',150.00,NULL),(850,43,NULL,'disponible','P10','Preferencial',300.00,NULL),(851,43,NULL,'disponible','G11','General',150.00,NULL),(852,43,NULL,'disponible','S12','Sur',150.00,NULL),(853,43,NULL,'disponible','S13','Sur',150.00,NULL),(854,43,NULL,'disponible','G14','General',150.00,NULL),(855,43,NULL,'disponible','N15','Norte',150.00,NULL),(856,43,NULL,'disponible','V16','VIP',450.00,NULL),(857,43,NULL,'disponible','P17','Preferencial',300.00,NULL),(858,43,NULL,'disponible','P18','Preferencial',300.00,NULL),(859,43,NULL,'disponible','S19','Sur',150.00,NULL),(860,43,NULL,'disponible','S20','Sur',150.00,NULL),(861,44,NULL,'disponible','P1','Preferencial',300.00,NULL),(862,44,NULL,'disponible','V2','VIP',450.00,NULL),(863,44,NULL,'disponible','S3','Sur',150.00,NULL),(864,44,NULL,'disponible','V4','VIP',450.00,NULL),(865,44,NULL,'disponible','G5','General',150.00,NULL),(866,44,NULL,'disponible','V6','VIP',450.00,NULL),(867,44,NULL,'disponible','N7','Norte',150.00,NULL),(868,44,NULL,'disponible','G8','General',150.00,NULL),(869,44,NULL,'disponible','S9','Sur',150.00,NULL),(870,44,NULL,'disponible','P10','Preferencial',300.00,NULL),(871,44,NULL,'disponible','V11','VIP',450.00,NULL),(872,44,NULL,'disponible','G12','General',150.00,NULL),(873,44,NULL,'disponible','N13','Norte',150.00,NULL),(874,44,NULL,'disponible','G14','General',150.00,NULL),(875,44,NULL,'disponible','P15','Preferencial',300.00,NULL),(876,44,NULL,'disponible','G16','General',150.00,NULL),(877,44,NULL,'disponible','P17','Preferencial',300.00,NULL),(878,44,NULL,'disponible','G18','General',150.00,NULL),(879,44,NULL,'disponible','N19','Norte',150.00,NULL),(880,44,NULL,'disponible','P20','Preferencial',300.00,NULL),(881,45,NULL,'disponible','G1','General',150.00,NULL),(882,45,NULL,'disponible','G2','General',150.00,NULL),(883,45,NULL,'disponible','G3','General',150.00,NULL),(884,45,NULL,'disponible','G4','General',150.00,NULL),(885,45,NULL,'disponible','S5','Sur',150.00,NULL),(886,45,NULL,'disponible','N6','Norte',150.00,NULL),(887,45,NULL,'disponible','G7','General',150.00,NULL),(888,45,NULL,'disponible','V8','VIP',450.00,NULL),(889,45,NULL,'disponible','S9','Sur',150.00,NULL),(890,45,NULL,'disponible','G10','General',150.00,NULL),(891,45,NULL,'disponible','N11','Norte',150.00,NULL),(892,45,NULL,'disponible','N12','Norte',150.00,NULL),(893,45,NULL,'disponible','N13','Norte',150.00,NULL),(894,45,NULL,'disponible','V14','VIP',450.00,NULL),(895,45,NULL,'disponible','P15','Preferencial',300.00,NULL),(896,45,NULL,'disponible','G16','General',150.00,NULL),(897,45,NULL,'disponible','N17','Norte',150.00,NULL),(898,45,NULL,'disponible','N18','Norte',150.00,NULL),(899,45,NULL,'disponible','V19','VIP',450.00,NULL),(900,45,NULL,'disponible','P20','Preferencial',300.00,NULL),(901,46,NULL,'disponible','N1','Norte',150.00,NULL),(902,46,NULL,'disponible','G2','General',150.00,NULL),(903,46,NULL,'disponible','S3','Sur',150.00,NULL),(904,46,NULL,'disponible','S4','Sur',150.00,NULL),(905,46,NULL,'disponible','V5','VIP',450.00,NULL),(906,46,NULL,'disponible','N6','Norte',150.00,NULL),(907,46,NULL,'disponible','V7','VIP',450.00,NULL),(908,46,NULL,'disponible','V8','VIP',450.00,NULL),(909,46,NULL,'disponible','S9','Sur',150.00,NULL),(910,46,NULL,'disponible','S10','Sur',150.00,NULL),(911,46,NULL,'disponible','S11','Sur',150.00,NULL),(912,46,NULL,'disponible','V12','VIP',450.00,NULL),(913,46,NULL,'disponible','V13','VIP',450.00,NULL),(914,46,NULL,'disponible','V14','VIP',450.00,NULL),(915,46,NULL,'disponible','V15','VIP',450.00,NULL),(916,46,NULL,'disponible','G16','General',150.00,NULL),(917,46,NULL,'disponible','V17','VIP',450.00,NULL),(918,46,NULL,'disponible','G18','General',150.00,NULL),(919,46,NULL,'disponible','P19','Preferencial',300.00,NULL),(920,46,NULL,'disponible','N20','Norte',150.00,NULL),(921,47,NULL,'disponible','V1','VIP',450.00,NULL),(922,47,NULL,'disponible','P2','Preferencial',300.00,NULL),(923,47,NULL,'disponible','P3','Preferencial',300.00,NULL),(924,47,NULL,'disponible','P4','Preferencial',300.00,NULL),(925,47,NULL,'disponible','P5','Preferencial',300.00,NULL),(926,47,NULL,'disponible','P6','Preferencial',300.00,NULL),(927,47,NULL,'disponible','G7','General',150.00,NULL),(928,47,NULL,'disponible','G8','General',150.00,NULL),(929,47,NULL,'disponible','V9','VIP',450.00,NULL),(930,47,NULL,'disponible','S10','Sur',150.00,NULL),(931,47,NULL,'disponible','N11','Norte',150.00,NULL),(932,47,NULL,'disponible','S12','Sur',150.00,NULL),(933,47,NULL,'disponible','P13','Preferencial',300.00,NULL),(934,47,NULL,'disponible','G14','General',150.00,NULL),(935,47,NULL,'disponible','P15','Preferencial',300.00,NULL),(936,47,NULL,'disponible','N16','Norte',150.00,NULL),(937,47,NULL,'disponible','V17','VIP',450.00,NULL),(938,47,NULL,'disponible','G18','General',150.00,NULL),(939,47,NULL,'disponible','S19','Sur',150.00,NULL),(940,47,NULL,'disponible','P20','Preferencial',300.00,NULL),(941,48,NULL,'disponible','P1','Preferencial',300.00,NULL),(942,48,NULL,'disponible','N2','Norte',150.00,NULL),(943,48,NULL,'disponible','G3','General',150.00,NULL),(944,48,NULL,'disponible','V4','VIP',450.00,NULL),(945,48,NULL,'disponible','P5','Preferencial',300.00,NULL),(946,48,NULL,'disponible','G6','General',150.00,NULL),(947,48,NULL,'disponible','S7','Sur',150.00,NULL),(948,48,NULL,'disponible','V8','VIP',450.00,NULL),(949,48,NULL,'disponible','P9','Preferencial',300.00,NULL),(950,48,NULL,'disponible','G10','General',150.00,NULL),(951,48,NULL,'disponible','S11','Sur',150.00,NULL),(952,48,NULL,'disponible','G12','General',150.00,NULL),(953,48,NULL,'disponible','N13','Norte',150.00,NULL),(954,48,NULL,'disponible','G14','General',150.00,NULL),(955,48,NULL,'disponible','S15','Sur',150.00,NULL),(956,48,NULL,'disponible','V16','VIP',450.00,NULL),(957,48,NULL,'disponible','N17','Norte',150.00,NULL),(958,48,NULL,'disponible','P18','Preferencial',300.00,NULL),(959,48,NULL,'disponible','V19','VIP',450.00,NULL),(960,48,NULL,'disponible','N20','Norte',150.00,NULL),(961,49,NULL,'disponible','S1','Sur',150.00,NULL),(962,49,NULL,'disponible','N2','Norte',150.00,NULL),(963,49,NULL,'disponible','N3','Norte',150.00,NULL),(964,49,NULL,'disponible','G4','General',150.00,NULL),(965,49,NULL,'disponible','G5','General',150.00,NULL),(966,49,NULL,'disponible','G6','General',150.00,NULL),(967,49,NULL,'disponible','V7','VIP',450.00,NULL),(968,49,NULL,'disponible','N8','Norte',150.00,NULL),(969,49,NULL,'disponible','P9','Preferencial',300.00,NULL),(970,49,NULL,'disponible','P10','Preferencial',300.00,NULL),(971,49,NULL,'disponible','N11','Norte',150.00,NULL),(972,49,NULL,'disponible','P12','Preferencial',300.00,NULL),(973,49,NULL,'disponible','G13','General',150.00,NULL),(974,49,NULL,'disponible','S14','Sur',150.00,NULL),(975,49,NULL,'disponible','V15','VIP',450.00,NULL),(976,49,NULL,'disponible','N16','Norte',150.00,NULL),(977,49,NULL,'disponible','S17','Sur',150.00,NULL),(978,49,NULL,'disponible','G18','General',150.00,NULL),(979,49,NULL,'disponible','S19','Sur',150.00,NULL),(980,49,NULL,'disponible','S20','Sur',150.00,NULL),(981,50,NULL,'disponible','V1','VIP',450.00,NULL),(982,50,NULL,'disponible','N2','Norte',150.00,NULL),(983,50,NULL,'disponible','N3','Norte',150.00,NULL),(984,50,NULL,'disponible','S4','Sur',150.00,NULL),(985,50,NULL,'disponible','N5','Norte',150.00,NULL),(986,50,NULL,'disponible','G6','General',150.00,NULL),(987,50,NULL,'disponible','N7','Norte',150.00,NULL),(988,50,NULL,'disponible','P8','Preferencial',300.00,NULL),(989,50,NULL,'disponible','S9','Sur',150.00,NULL),(990,50,NULL,'disponible','N10','Norte',150.00,NULL),(991,50,NULL,'disponible','N11','Norte',150.00,NULL),(992,50,NULL,'disponible','P12','Preferencial',300.00,NULL),(993,50,NULL,'disponible','G13','General',150.00,NULL),(994,50,NULL,'disponible','G14','General',150.00,NULL),(995,50,NULL,'disponible','P15','Preferencial',300.00,NULL),(996,50,NULL,'disponible','N16','Norte',150.00,NULL),(997,50,NULL,'disponible','N17','Norte',150.00,NULL),(998,50,NULL,'disponible','S18','Sur',150.00,NULL),(999,50,NULL,'disponible','N19','Norte',150.00,NULL),(1000,50,NULL,'disponible','G20','General',150.00,NULL),(1001,51,NULL,'disponible','S1','Sur',150.00,NULL),(1002,51,NULL,'disponible','G2','General',150.00,NULL),(1003,51,NULL,'disponible','S3','Sur',150.00,NULL),(1004,51,NULL,'disponible','S4','Sur',150.00,NULL),(1005,51,NULL,'disponible','P5','Preferencial',300.00,NULL),(1006,51,NULL,'disponible','P6','Preferencial',300.00,NULL),(1007,51,NULL,'disponible','P7','Preferencial',300.00,NULL),(1008,51,NULL,'disponible','N8','Norte',150.00,NULL),(1009,51,NULL,'disponible','S9','Sur',150.00,NULL),(1010,51,NULL,'disponible','N10','Norte',150.00,NULL),(1011,51,NULL,'disponible','V11','VIP',450.00,NULL),(1012,51,NULL,'disponible','G12','General',150.00,NULL),(1013,51,NULL,'disponible','N13','Norte',150.00,NULL),(1014,51,NULL,'disponible','G14','General',150.00,NULL),(1015,51,NULL,'disponible','G15','General',150.00,NULL),(1016,51,NULL,'disponible','S16','Sur',150.00,NULL),(1017,51,NULL,'disponible','S17','Sur',150.00,NULL),(1018,51,NULL,'disponible','S18','Sur',150.00,NULL),(1019,51,NULL,'disponible','N19','Norte',150.00,NULL),(1020,51,NULL,'disponible','G20','General',150.00,NULL),(1021,52,NULL,'disponible','G1','General',150.00,NULL),(1022,52,NULL,'disponible','V2','VIP',450.00,NULL),(1023,52,NULL,'disponible','N3','Norte',150.00,NULL),(1024,52,NULL,'disponible','P4','Preferencial',300.00,NULL),(1025,52,NULL,'disponible','N5','Norte',150.00,NULL),(1026,52,NULL,'disponible','S6','Sur',150.00,NULL),(1027,52,NULL,'disponible','P7','Preferencial',300.00,NULL),(1028,52,NULL,'disponible','N8','Norte',150.00,NULL),(1029,52,NULL,'disponible','S9','Sur',150.00,NULL),(1030,52,NULL,'disponible','N10','Norte',150.00,NULL),(1031,52,NULL,'disponible','V11','VIP',450.00,NULL),(1032,52,NULL,'disponible','G12','General',150.00,NULL),(1033,52,NULL,'disponible','V13','VIP',450.00,NULL),(1034,52,NULL,'disponible','S14','Sur',150.00,NULL),(1035,52,NULL,'disponible','P15','Preferencial',300.00,NULL),(1036,52,NULL,'disponible','S16','Sur',150.00,NULL),(1037,52,NULL,'disponible','N17','Norte',150.00,NULL),(1038,52,NULL,'disponible','N18','Norte',150.00,NULL),(1039,52,NULL,'disponible','S19','Sur',150.00,NULL),(1040,52,NULL,'disponible','N20','Norte',150.00,NULL),(1041,53,NULL,'disponible','G1','General',150.00,NULL),(1042,53,NULL,'disponible','N2','Norte',150.00,NULL),(1043,53,NULL,'disponible','V3','VIP',450.00,NULL),(1044,53,NULL,'disponible','G4','General',150.00,NULL),(1045,53,NULL,'disponible','N5','Norte',150.00,NULL),(1046,53,NULL,'disponible','S6','Sur',150.00,NULL),(1047,53,NULL,'disponible','G7','General',150.00,NULL),(1048,53,NULL,'disponible','S8','Sur',150.00,NULL),(1049,53,NULL,'disponible','S9','Sur',150.00,NULL),(1050,53,NULL,'disponible','N10','Norte',150.00,NULL),(1051,53,NULL,'disponible','G11','General',150.00,NULL),(1052,53,NULL,'disponible','N12','Norte',150.00,NULL),(1053,53,NULL,'disponible','N13','Norte',150.00,NULL),(1054,53,NULL,'disponible','S14','Sur',150.00,NULL),(1055,53,NULL,'disponible','V15','VIP',450.00,NULL),(1056,53,NULL,'disponible','G16','General',150.00,NULL),(1057,53,NULL,'disponible','N17','Norte',150.00,NULL),(1058,53,NULL,'disponible','S18','Sur',150.00,NULL),(1059,53,NULL,'disponible','P19','Preferencial',300.00,NULL),(1060,53,NULL,'disponible','N20','Norte',150.00,NULL),(1061,54,NULL,'disponible','N1','Norte',150.00,NULL),(1062,54,NULL,'disponible','S2','Sur',150.00,NULL),(1063,54,NULL,'disponible','G3','General',150.00,NULL),(1064,54,NULL,'disponible','S4','Sur',150.00,NULL),(1065,54,NULL,'disponible','G5','General',150.00,NULL),(1066,54,NULL,'disponible','P6','Preferencial',300.00,NULL),(1067,54,NULL,'disponible','V7','VIP',450.00,NULL),(1068,54,NULL,'disponible','S8','Sur',150.00,NULL),(1069,54,NULL,'disponible','N9','Norte',150.00,NULL),(1070,54,NULL,'disponible','V10','VIP',450.00,NULL),(1071,54,NULL,'disponible','V11','VIP',450.00,NULL),(1072,54,NULL,'disponible','N12','Norte',150.00,NULL),(1073,54,NULL,'disponible','G13','General',150.00,NULL),(1074,54,NULL,'disponible','G14','General',150.00,NULL),(1075,54,NULL,'disponible','P15','Preferencial',300.00,NULL),(1076,54,NULL,'disponible','V16','VIP',450.00,NULL),(1077,54,NULL,'disponible','G17','General',150.00,NULL),(1078,54,NULL,'disponible','S18','Sur',150.00,NULL),(1079,54,NULL,'disponible','N19','Norte',150.00,NULL),(1080,54,NULL,'disponible','N20','Norte',150.00,NULL),(1081,55,NULL,'disponible','N1','Norte',150.00,NULL),(1082,55,NULL,'disponible','V2','VIP',450.00,NULL),(1083,55,NULL,'disponible','V3','VIP',450.00,NULL),(1084,55,NULL,'disponible','V4','VIP',450.00,NULL),(1085,55,NULL,'disponible','V5','VIP',450.00,NULL),(1086,55,NULL,'disponible','V6','VIP',450.00,NULL),(1087,55,NULL,'disponible','G7','General',150.00,NULL),(1088,55,NULL,'disponible','G8','General',150.00,NULL),(1089,55,NULL,'disponible','S9','Sur',150.00,NULL),(1090,55,NULL,'disponible','G10','General',150.00,NULL),(1091,55,NULL,'disponible','S11','Sur',150.00,NULL),(1092,55,NULL,'disponible','N12','Norte',150.00,NULL),(1093,55,NULL,'disponible','V13','VIP',450.00,NULL),(1094,55,NULL,'disponible','P14','Preferencial',300.00,NULL),(1095,55,NULL,'disponible','G15','General',150.00,NULL),(1096,55,NULL,'disponible','V16','VIP',450.00,NULL),(1097,55,NULL,'disponible','V17','VIP',450.00,NULL),(1098,55,NULL,'disponible','G18','General',150.00,NULL),(1099,55,NULL,'disponible','V19','VIP',450.00,NULL),(1100,55,NULL,'disponible','P20','Preferencial',300.00,NULL),(1101,56,NULL,'disponible','V1','VIP',450.00,NULL),(1102,56,NULL,'disponible','P2','Preferencial',300.00,NULL),(1103,56,NULL,'disponible','G3','General',150.00,NULL),(1104,56,NULL,'disponible','G4','General',150.00,NULL),(1105,56,NULL,'disponible','V5','VIP',450.00,NULL),(1106,56,NULL,'disponible','N6','Norte',150.00,NULL),(1107,56,NULL,'disponible','P7','Preferencial',300.00,NULL),(1108,56,NULL,'disponible','N8','Norte',150.00,NULL),(1109,56,NULL,'disponible','G9','General',150.00,NULL),(1110,56,NULL,'disponible','S10','Sur',150.00,NULL),(1111,56,NULL,'disponible','N11','Norte',150.00,NULL),(1112,56,NULL,'disponible','P12','Preferencial',300.00,NULL),(1113,56,NULL,'disponible','G13','General',150.00,NULL),(1114,56,NULL,'disponible','G14','General',150.00,NULL),(1115,56,NULL,'disponible','G15','General',150.00,NULL),(1116,56,NULL,'disponible','P16','Preferencial',300.00,NULL),(1117,56,NULL,'disponible','V17','VIP',450.00,NULL),(1118,56,NULL,'disponible','N18','Norte',150.00,NULL),(1119,56,NULL,'disponible','N19','Norte',150.00,NULL),(1120,56,NULL,'disponible','G20','General',150.00,NULL),(1121,57,NULL,'disponible','S1','Sur',150.00,NULL),(1122,57,NULL,'disponible','N2','Norte',150.00,NULL),(1123,57,NULL,'disponible','S3','Sur',150.00,NULL),(1124,57,NULL,'disponible','V4','VIP',450.00,NULL),(1125,57,NULL,'disponible','P5','Preferencial',300.00,NULL),(1126,57,NULL,'disponible','G6','General',150.00,NULL),(1127,57,NULL,'disponible','V7','VIP',450.00,NULL),(1128,57,NULL,'disponible','G8','General',150.00,NULL),(1129,57,NULL,'disponible','G9','General',150.00,NULL),(1130,57,NULL,'disponible','P10','Preferencial',300.00,NULL),(1131,57,NULL,'disponible','V11','VIP',450.00,NULL),(1132,57,NULL,'disponible','G12','General',150.00,NULL),(1133,57,NULL,'disponible','G13','General',150.00,NULL),(1134,57,NULL,'disponible','P14','Preferencial',300.00,NULL),(1135,57,NULL,'disponible','V15','VIP',450.00,NULL),(1136,57,NULL,'disponible','P16','Preferencial',300.00,NULL),(1137,57,NULL,'disponible','P17','Preferencial',300.00,NULL),(1138,57,NULL,'disponible','N18','Norte',150.00,NULL),(1139,57,NULL,'disponible','P19','Preferencial',300.00,NULL),(1140,57,NULL,'disponible','N20','Norte',150.00,NULL),(1141,58,NULL,'disponible','V1','VIP',450.00,NULL),(1142,58,NULL,'disponible','V2','VIP',450.00,NULL),(1143,58,NULL,'disponible','N3','Norte',150.00,NULL),(1144,58,NULL,'disponible','P4','Preferencial',300.00,NULL),(1145,58,NULL,'disponible','V5','VIP',450.00,NULL),(1146,58,NULL,'disponible','G6','General',150.00,NULL),(1147,58,NULL,'disponible','P7','Preferencial',300.00,NULL),(1148,58,NULL,'disponible','P8','Preferencial',300.00,NULL),(1149,58,NULL,'disponible','N9','Norte',150.00,NULL),(1150,58,NULL,'disponible','V10','VIP',450.00,NULL),(1151,58,NULL,'disponible','S11','Sur',150.00,NULL),(1152,58,NULL,'disponible','S12','Sur',150.00,NULL),(1153,58,NULL,'disponible','P13','Preferencial',300.00,NULL),(1154,58,NULL,'disponible','S14','Sur',150.00,NULL),(1155,58,NULL,'disponible','P15','Preferencial',300.00,NULL),(1156,58,NULL,'disponible','G16','General',150.00,NULL),(1157,58,NULL,'disponible','P17','Preferencial',300.00,NULL),(1158,58,NULL,'disponible','S18','Sur',150.00,NULL),(1159,58,NULL,'disponible','G19','General',150.00,NULL),(1160,58,NULL,'disponible','G20','General',150.00,NULL),(1161,59,NULL,'disponible','S1','Sur',150.00,NULL),(1162,59,NULL,'disponible','V2','VIP',450.00,NULL),(1163,59,NULL,'disponible','N3','Norte',150.00,NULL),(1164,59,NULL,'disponible','S4','Sur',150.00,NULL),(1165,59,NULL,'disponible','V5','VIP',450.00,NULL),(1166,59,NULL,'disponible','G6','General',150.00,NULL),(1167,59,NULL,'disponible','S7','Sur',150.00,NULL),(1168,59,NULL,'disponible','G8','General',150.00,NULL),(1169,59,NULL,'disponible','G9','General',150.00,NULL),(1170,59,NULL,'disponible','V10','VIP',450.00,NULL),(1171,59,NULL,'disponible','S11','Sur',150.00,NULL),(1172,59,NULL,'disponible','G12','General',150.00,NULL),(1173,59,NULL,'disponible','S13','Sur',150.00,NULL),(1174,59,NULL,'disponible','N14','Norte',150.00,NULL),(1175,59,NULL,'disponible','S15','Sur',150.00,NULL),(1176,59,NULL,'disponible','V16','VIP',450.00,NULL),(1177,59,NULL,'disponible','V17','VIP',450.00,NULL),(1178,59,NULL,'disponible','N18','Norte',150.00,NULL),(1179,59,NULL,'disponible','S19','Sur',150.00,NULL),(1180,59,NULL,'disponible','G20','General',150.00,NULL),(1181,60,NULL,'disponible','N1','Norte',150.00,NULL),(1182,60,NULL,'disponible','P2','Preferencial',300.00,NULL),(1183,60,NULL,'disponible','N3','Norte',150.00,NULL),(1184,60,NULL,'disponible','P4','Preferencial',300.00,NULL),(1185,60,NULL,'disponible','S5','Sur',150.00,NULL),(1186,60,NULL,'disponible','S6','Sur',150.00,NULL),(1187,60,NULL,'disponible','S7','Sur',150.00,NULL),(1188,60,NULL,'disponible','P8','Preferencial',300.00,NULL),(1189,60,NULL,'disponible','V9','VIP',450.00,NULL),(1190,60,NULL,'disponible','P10','Preferencial',300.00,NULL),(1191,60,NULL,'disponible','S11','Sur',150.00,NULL),(1192,60,NULL,'disponible','G12','General',150.00,NULL),(1193,60,NULL,'disponible','P13','Preferencial',300.00,NULL),(1194,60,NULL,'disponible','S14','Sur',150.00,NULL),(1195,60,NULL,'disponible','V15','VIP',450.00,NULL),(1196,60,NULL,'disponible','N16','Norte',150.00,NULL),(1197,60,NULL,'disponible','P17','Preferencial',300.00,NULL),(1198,60,NULL,'disponible','P18','Preferencial',300.00,NULL),(1199,60,NULL,'disponible','P19','Preferencial',300.00,NULL),(1200,60,NULL,'disponible','S20','Sur',150.00,NULL),(1201,61,NULL,'disponible','V1','VIP',450.00,NULL),(1202,61,NULL,'disponible','S2','Sur',150.00,NULL),(1203,61,NULL,'disponible','G3','General',150.00,NULL),(1204,61,NULL,'disponible','P4','Preferencial',300.00,NULL),(1205,61,NULL,'disponible','P5','Preferencial',300.00,NULL),(1206,61,NULL,'disponible','P6','Preferencial',300.00,NULL),(1207,61,NULL,'disponible','N7','Norte',150.00,NULL),(1208,61,NULL,'disponible','G8','General',150.00,NULL),(1209,61,NULL,'disponible','P9','Preferencial',300.00,NULL),(1210,61,NULL,'disponible','S10','Sur',150.00,NULL),(1211,61,NULL,'disponible','S11','Sur',150.00,NULL),(1212,61,NULL,'disponible','S12','Sur',150.00,NULL),(1213,61,NULL,'disponible','S13','Sur',150.00,NULL),(1214,61,NULL,'disponible','S14','Sur',150.00,NULL),(1215,61,NULL,'disponible','N15','Norte',150.00,NULL),(1216,61,NULL,'disponible','S16','Sur',150.00,NULL),(1217,61,NULL,'disponible','G17','General',150.00,NULL),(1218,61,NULL,'disponible','G18','General',150.00,NULL),(1219,61,NULL,'disponible','G19','General',150.00,NULL),(1220,61,NULL,'disponible','P20','Preferencial',300.00,NULL),(1221,62,NULL,'disponible','G1','General',150.00,NULL),(1222,62,NULL,'disponible','P2','Preferencial',300.00,NULL),(1223,62,NULL,'disponible','N3','Norte',150.00,NULL),(1224,62,NULL,'disponible','P4','Preferencial',300.00,NULL),(1225,62,NULL,'disponible','G5','General',150.00,NULL),(1226,62,NULL,'disponible','G6','General',150.00,NULL),(1227,62,NULL,'disponible','G7','General',150.00,NULL),(1228,62,NULL,'disponible','V8','VIP',450.00,NULL),(1229,62,NULL,'disponible','P9','Preferencial',300.00,NULL),(1230,62,NULL,'disponible','S10','Sur',150.00,NULL),(1231,62,NULL,'disponible','S11','Sur',150.00,NULL),(1232,62,NULL,'disponible','G12','General',150.00,NULL),(1233,62,NULL,'disponible','P13','Preferencial',300.00,NULL),(1234,62,NULL,'disponible','G14','General',150.00,NULL),(1235,62,NULL,'disponible','S15','Sur',150.00,NULL),(1236,62,NULL,'disponible','P16','Preferencial',300.00,NULL),(1237,62,NULL,'disponible','P17','Preferencial',300.00,NULL),(1238,62,NULL,'disponible','P18','Preferencial',300.00,NULL),(1239,62,NULL,'disponible','G19','General',150.00,NULL),(1240,62,NULL,'disponible','V20','VIP',450.00,NULL),(1241,63,NULL,'disponible','S1','Sur',150.00,NULL),(1242,63,NULL,'disponible','N2','Norte',150.00,NULL),(1243,63,NULL,'disponible','P3','Preferencial',300.00,NULL),(1244,63,NULL,'disponible','N4','Norte',150.00,NULL),(1245,63,NULL,'disponible','P5','Preferencial',300.00,NULL),(1246,63,NULL,'disponible','S6','Sur',150.00,NULL),(1247,63,NULL,'disponible','G7','General',150.00,NULL),(1248,63,NULL,'disponible','P8','Preferencial',300.00,NULL),(1249,63,NULL,'disponible','G9','General',150.00,NULL),(1250,63,NULL,'disponible','S10','Sur',150.00,NULL),(1251,63,NULL,'disponible','P11','Preferencial',300.00,NULL),(1252,63,NULL,'disponible','N12','Norte',150.00,NULL),(1253,63,NULL,'disponible','S13','Sur',150.00,NULL),(1254,63,NULL,'disponible','N14','Norte',150.00,NULL),(1255,63,NULL,'disponible','G15','General',150.00,NULL),(1256,63,NULL,'disponible','G16','General',150.00,NULL),(1257,63,NULL,'disponible','G17','General',150.00,NULL),(1258,63,NULL,'disponible','N18','Norte',150.00,NULL),(1259,63,NULL,'disponible','P19','Preferencial',300.00,NULL),(1260,63,NULL,'disponible','G20','General',150.00,NULL),(1261,64,NULL,'disponible','S1','Sur',150.00,NULL),(1262,64,NULL,'disponible','S2','Sur',150.00,NULL),(1263,64,NULL,'disponible','P3','Preferencial',300.00,NULL),(1264,64,NULL,'disponible','G4','General',150.00,NULL),(1265,64,NULL,'disponible','P5','Preferencial',300.00,NULL),(1266,64,NULL,'disponible','S6','Sur',150.00,NULL),(1267,64,NULL,'disponible','V7','VIP',450.00,NULL),(1268,64,NULL,'disponible','G8','General',150.00,NULL),(1269,64,NULL,'disponible','S9','Sur',150.00,NULL),(1270,64,NULL,'disponible','S10','Sur',150.00,NULL),(1271,64,NULL,'disponible','G11','General',150.00,NULL),(1272,64,NULL,'disponible','N12','Norte',150.00,NULL),(1273,64,NULL,'disponible','S13','Sur',150.00,NULL),(1274,64,NULL,'disponible','S14','Sur',150.00,NULL),(1275,64,NULL,'disponible','S15','Sur',150.00,NULL),(1276,64,NULL,'disponible','V16','VIP',450.00,NULL),(1277,64,NULL,'disponible','N17','Norte',150.00,NULL),(1278,64,NULL,'disponible','N18','Norte',150.00,NULL),(1279,64,NULL,'disponible','N19','Norte',150.00,NULL),(1280,64,NULL,'disponible','N20','Norte',150.00,NULL),(1281,65,NULL,'disponible','P1','Preferencial',300.00,NULL),(1282,65,NULL,'disponible','N2','Norte',150.00,NULL),(1283,65,NULL,'disponible','S3','Sur',150.00,NULL),(1284,65,NULL,'disponible','V4','VIP',450.00,NULL),(1285,65,NULL,'disponible','N5','Norte',150.00,NULL),(1286,65,NULL,'disponible','G6','General',150.00,NULL),(1287,65,NULL,'disponible','G7','General',150.00,NULL),(1288,65,NULL,'disponible','P8','Preferencial',300.00,NULL),(1289,65,NULL,'disponible','G9','General',150.00,NULL),(1290,65,NULL,'disponible','P10','Preferencial',300.00,NULL),(1291,65,NULL,'disponible','P11','Preferencial',300.00,NULL),(1292,65,NULL,'disponible','V12','VIP',450.00,NULL),(1293,65,NULL,'disponible','V13','VIP',450.00,NULL),(1294,65,NULL,'disponible','S14','Sur',150.00,NULL),(1295,65,NULL,'disponible','V15','VIP',450.00,NULL),(1296,65,NULL,'disponible','G16','General',150.00,NULL),(1297,65,NULL,'disponible','P17','Preferencial',300.00,NULL),(1298,65,NULL,'disponible','V18','VIP',450.00,NULL),(1299,65,NULL,'disponible','N19','Norte',150.00,NULL),(1300,65,NULL,'disponible','G20','General',150.00,NULL),(1301,66,NULL,'disponible','V1','VIP',450.00,NULL),(1302,66,NULL,'disponible','G2','General',150.00,NULL),(1303,66,NULL,'disponible','P3','Preferencial',300.00,NULL),(1304,66,NULL,'disponible','P4','Preferencial',300.00,NULL),(1305,66,NULL,'disponible','P5','Preferencial',300.00,NULL),(1306,66,NULL,'disponible','G6','General',150.00,NULL),(1307,66,NULL,'disponible','G7','General',150.00,NULL),(1308,66,NULL,'disponible','V8','VIP',450.00,NULL),(1309,66,NULL,'disponible','P9','Preferencial',300.00,NULL),(1310,66,NULL,'disponible','P10','Preferencial',300.00,NULL),(1311,66,NULL,'disponible','N11','Norte',150.00,NULL),(1312,66,NULL,'disponible','G12','General',150.00,NULL),(1313,66,NULL,'disponible','P13','Preferencial',300.00,NULL),(1314,66,NULL,'disponible','G14','General',150.00,NULL),(1315,66,NULL,'disponible','P15','Preferencial',300.00,NULL),(1316,66,NULL,'disponible','S16','Sur',150.00,NULL),(1317,66,NULL,'disponible','V17','VIP',450.00,NULL),(1318,66,NULL,'disponible','S18','Sur',150.00,NULL),(1319,66,NULL,'disponible','S19','Sur',150.00,NULL),(1320,66,NULL,'disponible','V20','VIP',450.00,NULL),(1321,67,NULL,'disponible','S1','Sur',150.00,NULL),(1322,67,NULL,'disponible','V2','VIP',450.00,NULL),(1323,67,NULL,'disponible','S3','Sur',150.00,NULL),(1324,67,NULL,'disponible','S4','Sur',150.00,NULL),(1325,67,NULL,'disponible','G5','General',150.00,NULL),(1326,67,NULL,'disponible','N6','Norte',150.00,NULL),(1327,67,NULL,'disponible','S7','Sur',150.00,NULL),(1328,67,NULL,'disponible','G8','General',150.00,NULL),(1329,67,NULL,'disponible','P9','Preferencial',300.00,NULL),(1330,67,NULL,'disponible','S10','Sur',150.00,NULL),(1331,67,NULL,'disponible','G11','General',150.00,NULL),(1332,67,NULL,'disponible','P12','Preferencial',300.00,NULL),(1333,67,NULL,'disponible','S13','Sur',150.00,NULL),(1334,67,NULL,'disponible','P14','Preferencial',300.00,NULL),(1335,67,NULL,'disponible','S15','Sur',150.00,NULL),(1336,67,NULL,'disponible','S16','Sur',150.00,NULL),(1337,67,NULL,'disponible','S17','Sur',150.00,NULL),(1338,67,NULL,'disponible','V18','VIP',450.00,NULL),(1339,67,NULL,'disponible','S19','Sur',150.00,NULL),(1340,67,NULL,'disponible','V20','VIP',450.00,NULL),(1341,68,NULL,'disponible','G1','General',150.00,NULL),(1342,68,NULL,'disponible','V2','VIP',450.00,NULL),(1343,68,NULL,'disponible','G3','General',150.00,NULL),(1344,68,NULL,'disponible','P4','Preferencial',300.00,NULL),(1345,68,NULL,'disponible','P5','Preferencial',300.00,NULL),(1346,68,NULL,'disponible','P6','Preferencial',300.00,NULL),(1347,68,NULL,'disponible','G7','General',150.00,NULL),(1348,68,NULL,'disponible','N8','Norte',150.00,NULL),(1349,68,NULL,'disponible','V9','VIP',450.00,NULL),(1350,68,NULL,'disponible','G10','General',150.00,NULL),(1351,68,NULL,'disponible','N11','Norte',150.00,NULL),(1352,68,NULL,'disponible','V12','VIP',450.00,NULL),(1353,68,NULL,'disponible','S13','Sur',150.00,NULL),(1354,68,NULL,'disponible','S14','Sur',150.00,NULL),(1355,68,NULL,'disponible','N15','Norte',150.00,NULL),(1356,68,NULL,'disponible','S16','Sur',150.00,NULL),(1357,68,NULL,'disponible','N17','Norte',150.00,NULL),(1358,68,NULL,'disponible','S18','Sur',150.00,NULL),(1359,68,NULL,'disponible','P19','Preferencial',300.00,NULL),(1360,68,NULL,'disponible','N20','Norte',150.00,NULL),(1361,69,NULL,'disponible','N1','Norte',150.00,NULL),(1362,69,NULL,'disponible','V2','VIP',450.00,NULL),(1363,69,NULL,'disponible','S3','Sur',150.00,NULL),(1364,69,NULL,'disponible','N4','Norte',150.00,NULL),(1365,69,NULL,'disponible','V5','VIP',450.00,NULL),(1366,69,NULL,'disponible','N6','Norte',150.00,NULL),(1367,69,NULL,'disponible','N7','Norte',150.00,NULL),(1368,69,NULL,'disponible','S8','Sur',150.00,NULL),(1369,69,NULL,'disponible','P9','Preferencial',300.00,NULL),(1370,69,NULL,'disponible','N10','Norte',150.00,NULL),(1371,69,NULL,'disponible','P11','Preferencial',300.00,NULL),(1372,69,NULL,'disponible','V12','VIP',450.00,NULL),(1373,69,NULL,'disponible','S13','Sur',150.00,NULL),(1374,69,NULL,'disponible','N14','Norte',150.00,NULL),(1375,69,NULL,'disponible','G15','General',150.00,NULL),(1376,69,NULL,'disponible','N16','Norte',150.00,NULL),(1377,69,NULL,'disponible','S17','Sur',150.00,NULL),(1378,69,NULL,'disponible','V18','VIP',450.00,NULL),(1379,69,NULL,'disponible','S19','Sur',150.00,NULL),(1380,69,NULL,'disponible','N20','Norte',150.00,NULL),(1381,70,NULL,'disponible','S1','Sur',150.00,NULL),(1382,70,NULL,'disponible','S2','Sur',150.00,NULL),(1383,70,NULL,'disponible','S3','Sur',150.00,NULL),(1384,70,NULL,'disponible','V4','VIP',450.00,NULL),(1385,70,NULL,'disponible','P5','Preferencial',300.00,NULL),(1386,70,NULL,'disponible','N6','Norte',150.00,NULL),(1387,70,NULL,'disponible','G7','General',150.00,NULL),(1388,70,NULL,'disponible','V8','VIP',450.00,NULL),(1389,70,NULL,'disponible','P9','Preferencial',300.00,NULL),(1390,70,NULL,'disponible','N10','Norte',150.00,NULL),(1391,70,NULL,'disponible','G11','General',150.00,NULL),(1392,70,NULL,'disponible','N12','Norte',150.00,NULL),(1393,70,NULL,'disponible','G13','General',150.00,NULL),(1394,70,NULL,'disponible','S14','Sur',150.00,NULL),(1395,70,NULL,'disponible','N15','Norte',150.00,NULL),(1396,70,NULL,'disponible','S16','Sur',150.00,NULL),(1397,70,NULL,'disponible','G17','General',150.00,NULL),(1398,70,NULL,'disponible','S18','Sur',150.00,NULL),(1399,70,NULL,'disponible','P19','Preferencial',300.00,NULL),(1400,70,NULL,'disponible','N20','Norte',150.00,NULL),(1401,71,NULL,'disponible','P1','Preferencial',300.00,NULL),(1402,71,NULL,'disponible','S2','Sur',150.00,NULL),(1403,71,NULL,'disponible','P3','Preferencial',300.00,NULL),(1404,71,NULL,'disponible','N4','Norte',150.00,NULL),(1405,71,NULL,'disponible','G5','General',150.00,NULL),(1406,71,NULL,'disponible','N6','Norte',150.00,NULL),(1407,71,NULL,'disponible','S7','Sur',150.00,NULL),(1408,71,NULL,'disponible','N8','Norte',150.00,NULL),(1409,71,NULL,'disponible','N9','Norte',150.00,NULL),(1410,71,NULL,'disponible','V10','VIP',450.00,NULL),(1411,71,NULL,'disponible','N11','Norte',150.00,NULL),(1412,71,NULL,'disponible','N12','Norte',150.00,NULL),(1413,71,NULL,'disponible','V13','VIP',450.00,NULL),(1414,71,NULL,'disponible','V14','VIP',450.00,NULL),(1415,71,NULL,'disponible','V15','VIP',450.00,NULL),(1416,71,NULL,'disponible','V16','VIP',450.00,NULL),(1417,71,NULL,'disponible','G17','General',150.00,NULL),(1418,71,NULL,'disponible','G18','General',150.00,NULL),(1419,71,NULL,'disponible','P19','Preferencial',300.00,NULL),(1420,71,NULL,'disponible','P20','Preferencial',300.00,NULL),(1421,72,NULL,'disponible','V1','VIP',450.00,NULL),(1422,72,NULL,'disponible','N2','Norte',150.00,NULL),(1423,72,NULL,'disponible','S3','Sur',150.00,NULL),(1424,72,NULL,'disponible','P4','Preferencial',300.00,NULL),(1425,72,NULL,'disponible','N5','Norte',150.00,NULL),(1426,72,NULL,'disponible','P6','Preferencial',300.00,NULL),(1427,72,NULL,'disponible','G7','General',150.00,NULL),(1428,72,NULL,'disponible','S8','Sur',150.00,NULL),(1429,72,NULL,'disponible','V9','VIP',450.00,NULL),(1430,72,NULL,'disponible','V10','VIP',450.00,NULL),(1431,72,NULL,'disponible','G11','General',150.00,NULL),(1432,72,NULL,'disponible','P12','Preferencial',300.00,NULL),(1433,72,NULL,'disponible','V13','VIP',450.00,NULL),(1434,72,NULL,'disponible','P14','Preferencial',300.00,NULL),(1435,72,NULL,'disponible','G15','General',150.00,NULL),(1436,72,NULL,'disponible','P16','Preferencial',300.00,NULL),(1437,72,NULL,'disponible','P17','Preferencial',300.00,NULL),(1438,72,NULL,'disponible','N18','Norte',150.00,NULL),(1439,72,NULL,'disponible','N19','Norte',150.00,NULL),(1440,72,NULL,'disponible','S20','Sur',150.00,NULL);
/*!40000 ALTER TABLE `entrada` ENABLE KEYS */;
UNLOCK TABLES;

--
-- Table structure for table `equipo`
--

DROP TABLE IF EXISTS `equipo`;
/*!40101 SET @saved_cs_client     = @@character_set_client */;
/*!50503 SET character_set_client = utf8mb4 */;
CREATE TABLE `equipo` (
  `equipo_id` int NOT NULL AUTO_INCREMENT,
  `nombre` varchar(100) COLLATE utf8mb4_unicode_ci NOT NULL,
  `codigo_fifa` varchar(3) COLLATE utf8mb4_unicode_ci NOT NULL,
  `bandera` varchar(10) COLLATE utf8mb4_unicode_ci DEFAULT 0xF09F8FB3EFB88F,
  `grupo_mundial` varchar(5) COLLATE utf8mb4_unicode_ci DEFAULT NULL,
  `ranking_fifa` int DEFAULT '0',
  `confederacion` varchar(20) COLLATE utf8mb4_unicode_ci DEFAULT NULL,
  PRIMARY KEY (`equipo_id`),
  KEY `idx_grupo` (`grupo_mundial`)
) ENGINE=InnoDB AUTO_INCREMENT=49 DEFAULT CHARSET=utf8mb4 COLLATE=utf8mb4_unicode_ci;
/*!40101 SET character_set_client = @saved_cs_client */;

--
-- Dumping data for table `equipo`
--

LOCK TABLES `equipo` WRITE;
/*!40000 ALTER TABLE `equipo` DISABLE KEYS */;
INSERT INTO `equipo` VALUES (1,'México','MEX','??','A',15,'CONCACAF'),(2,'Sudáfrica','RSA','??','A',58,'CAF'),(3,'Corea del Sur','KOR','??','A',23,'AFC'),(4,'Chequia','CZE','??','A',36,'UEFA'),(5,'Canadá','CAN','??','B',40,'CONCACAF'),(6,'Bosnia y Herzegovina','BIH','??','B',62,'UEFA'),(7,'Qatar','QAT','??','B',34,'AFC'),(8,'Suiza','SUI','??','B',19,'UEFA'),(9,'Brasil','BRA','??','C',5,'CONMEBOL'),(10,'Marruecos','MAR','??','C',13,'CAF'),(11,'Haití','HAI','??','C',90,'CONCACAF'),(12,'Escocia','SCO','???????','C',52,'UEFA'),(13,'Estados Unidos','USA','??','D',11,'CONCACAF'),(14,'Paraguay','PAR','??','D',45,'CONMEBOL'),(15,'Australia','AUS','??','D',24,'AFC'),(16,'Turquía','TUR','??','D',35,'UEFA'),(17,'Alemania','GER','??','E',16,'UEFA'),(18,'Curazao','CUW','??','E',85,'CONCACAF'),(19,'Costa de Marfil','CIV','??','E',39,'CAF'),(20,'Ecuador','ECU','??','E',31,'CONMEBOL'),(21,'Países Bajos','NED','??','F',7,'UEFA'),(22,'Japón','JPN','??','F',17,'AFC'),(23,'Suecia','SWE','??','F',25,'UEFA'),(24,'Túnez','TUN','??','F',40,'CAF'),(25,'Bélgica','BEL','??','G',3,'UEFA'),(26,'Egipto','EGY','??','G',36,'CAF'),(27,'Irán','IRN','??','G',21,'AFC'),(28,'Nueva Zelanda','NZL','??','G',104,'OFC'),(29,'España','ESP','??','H',8,'UEFA'),(30,'Cabo Verde','CPV','??','H',75,'CAF'),(31,'Arabia Saudita','KSA','??','H',53,'AFC'),(32,'Uruguay','URU','??','H',11,'CONMEBOL'),(33,'Francia','FRA','??','I',2,'UEFA'),(34,'Senegal','SEN','??','I',20,'CAF'),(35,'Noruega','NOR','??','I',44,'UEFA'),(36,'Irak','IRQ','??','I',59,'AFC'),(37,'Argentina','ARG','??','J',1,'CONMEBOL'),(38,'Argelia','ALG','??','J',43,'CAF'),(39,'Austria','AUT','??','J',22,'UEFA'),(40,'Jordania','JOR','??','J',68,'AFC'),(41,'Portugal','POR','??','K',6,'UEFA'),(42,'RD Congo','COD','??','K',60,'CAF'),(43,'Uzbekistán','UZB','??','K',66,'AFC'),(44,'Colombia','COL','??','K',14,'CONMEBOL'),(45,'Inglaterra','ENG','???????','L',4,'UEFA'),(46,'Croacia','CRO','??','L',10,'UEFA'),(47,'Ghana','GHA','??','L',61,'CAF'),(48,'Panamá','PAN','??','L',41,'CONCACAF');
/*!40000 ALTER TABLE `equipo` ENABLE KEYS */;
UNLOCK TABLES;

--
-- Table structure for table `estadio`
--

DROP TABLE IF EXISTS `estadio`;
/*!40101 SET @saved_cs_client     = @@character_set_client */;
/*!50503 SET character_set_client = utf8mb4 */;
CREATE TABLE `estadio` (
  `estadio_id` int NOT NULL AUTO_INCREMENT,
  `nombre` varchar(150) COLLATE utf8mb4_unicode_ci NOT NULL,
  `ciudad` varchar(100) COLLATE utf8mb4_unicode_ci NOT NULL,
  `pais` varchar(50) COLLATE utf8mb4_unicode_ci NOT NULL,
  `capacidad` int DEFAULT '0',
  `latitud` decimal(10,7) DEFAULT NULL,
  `longitud` decimal(10,7) DEFAULT NULL,
  PRIMARY KEY (`estadio_id`)
) ENGINE=InnoDB AUTO_INCREMENT=17 DEFAULT CHARSET=utf8mb4 COLLATE=utf8mb4_unicode_ci;
/*!40101 SET character_set_client = @saved_cs_client */;

--
-- Dumping data for table `estadio`
--

LOCK TABLES `estadio` WRITE;
/*!40000 ALTER TABLE `estadio` DISABLE KEYS */;
INSERT INTO `estadio` VALUES (1,'Estadio Azteca','Ciudad de México','México',87523,NULL,NULL),(2,'Estadio Akron','Zapopan','México',49850,NULL,NULL),(3,'Estadio BBVA','Monterrey','México',53500,NULL,NULL),(4,'MetLife Stadium','East Rutherford','Estados Unidos',82500,NULL,NULL),(5,'SoFi Stadium','Inglewood','Estados Unidos',70240,NULL,NULL),(6,'AT&T Stadium','Arlington','Estados Unidos',80000,NULL,NULL),(7,'NRG Stadium','Houston','Estados Unidos',72220,NULL,NULL),(8,'Hard Rock Stadium','Miami Gardens','Estados Unidos',65326,NULL,NULL),(9,'Mercedes-Benz Stadium','Atlanta','Estados Unidos',71000,NULL,NULL),(10,'Arrowhead Stadium','Kansas City','Estados Unidos',76416,NULL,NULL),(11,'Lincoln Financial Field','Philadelphia','Estados Unidos',69796,NULL,NULL),(12,'Gillette Stadium','Foxborough','Estados Unidos',65878,NULL,NULL),(13,'Lumen Field','Seattle','Estados Unidos',68740,NULL,NULL),(14,'Levi\'s Stadium','Santa Clara','Estados Unidos',68500,NULL,NULL),(15,'BC Place','Vancouver','Canadá',54500,NULL,NULL),(16,'BMO Field','Toronto','Canadá',45736,NULL,NULL);
/*!40000 ALTER TABLE `estadio` ENABLE KEYS */;
UNLOCK TABLES;

--
-- Table structure for table `evento_partido`
--

DROP TABLE IF EXISTS `evento_partido`;
/*!40101 SET @saved_cs_client     = @@character_set_client */;
/*!50503 SET character_set_client = utf8mb4 */;
CREATE TABLE `evento_partido` (
  `evento_id` int NOT NULL AUTO_INCREMENT,
  `partido_id` int NOT NULL,
  `equipo_id` int DEFAULT NULL,
  `tipo` enum('goal','yellow-card','red-card','substitution') COLLATE utf8mb4_unicode_ci NOT NULL,
  `minuto` int NOT NULL,
  `jugador` varchar(100) COLLATE utf8mb4_unicode_ci DEFAULT NULL,
  `descripcion` varchar(255) COLLATE utf8mb4_unicode_ci DEFAULT NULL,
  PRIMARY KEY (`evento_id`),
  KEY `partido_id` (`partido_id`),
  KEY `equipo_id` (`equipo_id`),
  CONSTRAINT `evento_partido_ibfk_1` FOREIGN KEY (`partido_id`) REFERENCES `partido` (`partido_id`) ON DELETE CASCADE,
  CONSTRAINT `evento_partido_ibfk_2` FOREIGN KEY (`equipo_id`) REFERENCES `equipo` (`equipo_id`)
) ENGINE=InnoDB DEFAULT CHARSET=utf8mb4 COLLATE=utf8mb4_unicode_ci;
/*!40101 SET character_set_client = @saved_cs_client */;

--
-- Dumping data for table `evento_partido`
--

LOCK TABLES `evento_partido` WRITE;
/*!40000 ALTER TABLE `evento_partido` DISABLE KEYS */;
/*!40000 ALTER TABLE `evento_partido` ENABLE KEYS */;
UNLOCK TABLES;

--
-- Table structure for table `intercambio`
--

DROP TABLE IF EXISTS `intercambio`;
/*!40101 SET @saved_cs_client     = @@character_set_client */;
/*!50503 SET character_set_client = utf8mb4 */;
CREATE TABLE `intercambio` (
  `intercambio_id` int NOT NULL AUTO_INCREMENT,
  `usuario_ofrece_id` int NOT NULL,
  `usuario_recibe_id` int NOT NULL,
  `lamina_ofrecida_id` int NOT NULL,
  `lamina_solicitada_id` int NOT NULL,
  `estado` enum('pendiente','aceptado','rechazado','cancelado') COLLATE utf8mb4_unicode_ci DEFAULT 'pendiente',
  `fecha_creacion` datetime DEFAULT CURRENT_TIMESTAMP,
  `fecha_respuesta` datetime DEFAULT NULL,
  PRIMARY KEY (`intercambio_id`),
  KEY `usuario_ofrece_id` (`usuario_ofrece_id`),
  KEY `usuario_recibe_id` (`usuario_recibe_id`),
  KEY `lamina_ofrecida_id` (`lamina_ofrecida_id`),
  KEY `lamina_solicitada_id` (`lamina_solicitada_id`),
  CONSTRAINT `intercambio_ibfk_1` FOREIGN KEY (`usuario_ofrece_id`) REFERENCES `usuario` (`usuario_id`),
  CONSTRAINT `intercambio_ibfk_2` FOREIGN KEY (`usuario_recibe_id`) REFERENCES `usuario` (`usuario_id`),
  CONSTRAINT `intercambio_ibfk_3` FOREIGN KEY (`lamina_ofrecida_id`) REFERENCES `lamina` (`lamina_id`),
  CONSTRAINT `intercambio_ibfk_4` FOREIGN KEY (`lamina_solicitada_id`) REFERENCES `lamina` (`lamina_id`)
) ENGINE=InnoDB DEFAULT CHARSET=utf8mb4 COLLATE=utf8mb4_unicode_ci;
/*!40101 SET character_set_client = @saved_cs_client */;

--
-- Dumping data for table `intercambio`
--

LOCK TABLES `intercambio` WRITE;
/*!40000 ALTER TABLE `intercambio` DISABLE KEYS */;
/*!40000 ALTER TABLE `intercambio` ENABLE KEYS */;
UNLOCK TABLES;

--
-- Table structure for table `lamina`
--

DROP TABLE IF EXISTS `lamina`;
/*!40101 SET @saved_cs_client     = @@character_set_client */;
/*!50503 SET character_set_client = utf8mb4 */;
CREATE TABLE `lamina` (
  `lamina_id` int NOT NULL AUTO_INCREMENT,
  `equipo_id` int DEFAULT NULL,
  `nombre` varchar(100) COLLATE utf8mb4_unicode_ci NOT NULL,
  `numero` int NOT NULL,
  `rareza` enum('comun','rara','legendaria') COLLATE utf8mb4_unicode_ci NOT NULL DEFAULT 'comun',
  `imagen` varchar(500) COLLATE utf8mb4_unicode_ci DEFAULT NULL,
  PRIMARY KEY (`lamina_id`),
  KEY `equipo_id` (`equipo_id`),
  KEY `idx_rareza` (`rareza`),
  CONSTRAINT `lamina_ibfk_1` FOREIGN KEY (`equipo_id`) REFERENCES `equipo` (`equipo_id`)
) ENGINE=InnoDB AUTO_INCREMENT=97 DEFAULT CHARSET=utf8mb4 COLLATE=utf8mb4_unicode_ci;
/*!40101 SET character_set_client = @saved_cs_client */;

--
-- Dumping data for table `lamina`
--

LOCK TABLES `lamina` WRITE;
/*!40000 ALTER TABLE `lamina` DISABLE KEYS */;
INSERT INTO `lamina` VALUES (1,37,'Lionel Messi',10,'legendaria','https://img.sofascore.com/api/v1/player/12994/image'),(2,37,'Enzo Fernández',24,'rara','https://img.sofascore.com/api/v1/player/974505/image'),(3,37,'Alexis Mac Allister',20,'rara','https://img.sofascore.com/api/v1/player/895324/image'),(4,37,'Rodrigo De Paul',7,'comun','https://img.sofascore.com/api/v1/player/249399/image'),(5,37,'Cristian Romero',13,'rara','https://img.sofascore.com/api/v1/player/829932/image'),(6,37,'Nicolás Otamendi',19,'comun','https://img.sofascore.com/api/v1/player/74915/image'),(7,37,'Nahuel Molina',26,'comun','https://img.sofascore.com/api/v1/player/831799/image'),(8,37,'Gerónimo Rulli',12,'comun','https://img.sofascore.com/api/v1/player/128383/image'),(9,33,'Kylian Mbappé',10,'legendaria','https://img.sofascore.com/api/v1/player/826643/image'),(10,33,'Eduardo Camavinga',12,'rara','https://img.sofascore.com/api/v1/player/973887/image'),(11,33,'Aurélien Tchouaméni',8,'rara','https://img.sofascore.com/api/v1/player/859025/image'),(12,33,'Marcus Thuram',15,'comun','https://img.sofascore.com/api/v1/player/791702/image'),(13,33,'William Saliba',4,'rara','https://img.sofascore.com/api/v1/player/941168/image'),(14,33,'Theo Hernández',22,'comun','https://img.sofascore.com/api/v1/player/788027/image'),(15,33,'Mike Maignan',16,'comun','https://img.sofascore.com/api/v1/player/191210/image'),(16,33,'Michael Olise',13,'rara','https://img.sofascore.com/api/v1/player/978838/image'),(17,9,'Vinícius Júnior',7,'legendaria','https://img.sofascore.com/api/v1/player/868812/image'),(18,9,'Raphinha',11,'rara','https://img.sofascore.com/api/v1/player/831005/image'),(19,9,'Casemiro',5,'rara','https://img.sofascore.com/api/v1/player/122951/image'),(20,9,'Gabriel Martinelli',26,'comun','https://img.sofascore.com/api/v1/player/922573/image'),(21,9,'Richarlison',9,'comun','https://img.sofascore.com/api/v1/player/840217/image'),(22,9,'Marquinhos',4,'rara','https://img.sofascore.com/api/v1/player/137452/image'),(23,9,'Alisson',1,'legendaria','https://img.sofascore.com/api/v1/player/243609/image'),(24,9,'Gabriel Magalhães',3,'comun','https://img.sofascore.com/api/v1/player/830303/image'),(25,29,'Lamine Yamal',19,'legendaria','https://img.sofascore.com/api/v1/player/1183479/image'),(26,29,'Pedri',8,'rara','https://img.sofascore.com/api/v1/player/919191/image'),(27,29,'Rodri',16,'legendaria','https://img.sofascore.com/api/v1/player/867055/image'),(28,44,'Luis Díaz',7,'legendaria','https://img.sofascore.com/api/v1/player/954381/image'),(29,44,'James Rodríguez',10,'rara','https://img.sofascore.com/api/v1/player/34148/image'),(30,45,'Jude Bellingham',10,'legendaria','https://img.sofascore.com/api/v1/player/963498/image'),(31,45,'Harry Kane',9,'legendaria','https://img.sofascore.com/api/v1/player/152760/image'),(32,45,'Bukayo Saka',7,'rara','https://img.sofascore.com/api/v1/player/934235/image'),(33,41,'Cristiano Ronaldo',7,'legendaria','https://img.sofascore.com/api/v1/player/750/image'),(34,41,'Bruno Fernandes',8,'rara','https://img.sofascore.com/api/v1/player/850030/image'),(35,17,'Jamal Musiala',10,'legendaria','https://img.sofascore.com/api/v1/player/972564/image'),(36,17,'Florian Wirtz',17,'rara','https://img.sofascore.com/api/v1/player/972549/image'),(37,21,'Virgil van Dijk',4,'legendaria','https://img.sofascore.com/api/v1/player/128895/image'),(38,25,'Kevin De Bruyne',7,'legendaria','https://img.sofascore.com/api/v1/player/55909/image'),(39,1,'Santiago Giménez',9,'rara','https://img.sofascore.com/api/v1/player/940498/image'),(40,1,'Edson Álvarez',4,'comun','https://img.sofascore.com/api/v1/player/840178/image'),(41,13,'Christian Pulisic',10,'rara','https://img.sofascore.com/api/v1/player/808693/image'),(42,5,'Alphonso Davies',19,'legendaria','https://img.sofascore.com/api/v1/player/910274/image'),(43,10,'Achraf Hakimi',2,'legendaria','https://img.sofascore.com/api/v1/player/835296/image'),(44,32,'Federico Valverde',15,'legendaria','https://img.sofascore.com/api/v1/player/869192/image'),(45,22,'Takefusa Kubo',11,'rara','https://img.sofascore.com/api/v1/player/876498/image'),(46,46,'Luka Modrić',10,'legendaria','https://img.sofascore.com/api/v1/player/6695/image'),(47,34,'Sadio Mané',10,'rara','https://img.sofascore.com/api/v1/player/136664/image'),(48,3,'Son Heung-min',7,'legendaria','https://img.sofascore.com/api/v1/player/135042/image'),(49,20,'Moisés Caicedo',23,'rara','https://img.sofascore.com/api/v1/player/976058/image'),(50,26,'Mohamed Salah',11,'legendaria','https://img.sofascore.com/api/v1/player/159665/image'),(51,16,'Hakan Çalhanoğlu',10,'rara','https://img.sofascore.com/api/v1/player/166972/image'),(52,8,'Granit Xhaka',10,'rara','https://img.sofascore.com/api/v1/player/119213/image'),(53,35,'Erling Haaland',9,'legendaria','https://img.sofascore.com/api/v1/player/839956/image'),(54,47,'Mohammed Kudus',10,'rara','https://img.sofascore.com/api/v1/player/939108/image'),(55,2,'Percy Tau',10,'comun','https://img.sofascore.com/api/v1/player/793498/image'),(56,15,'Jackson Irvine',22,'comun','https://img.sofascore.com/api/v1/player/333684/image'),(57,27,'Mehdi Taremi',9,'rara','https://img.sofascore.com/api/v1/player/330139/image'),(58,4,'Patrik Schick',9,'comun','https://img.sofascore.com/api/v1/player/339498/image'),(59,14,'Miguel Almirón',10,'comun','https://img.sofascore.com/api/v1/player/340609/image'),(60,48,'José Fajardo',9,'comun','https://img.sofascore.com/api/v1/player/981274/image'),(61,7,'Akram Afif',11,'rara','https://img.sofascore.com/api/v1/player/574576/image'),(62,31,'Salem Al-Dawsari',10,'rara','https://img.sofascore.com/api/v1/player/382264/image'),(63,6,'Edin Džeko',9,'rara','https://img.sofascore.com/api/v1/player/6459/image'),(64,11,'Duckens Nazon',9,'comun','https://img.sofascore.com/api/v1/player/599170/image'),(65,12,'Andrew Robertson',3,'rara','https://img.sofascore.com/api/v1/player/204439/image'),(66,18,'Juninho Bacuna',8,'comun','https://img.sofascore.com/api/v1/player/800424/image'),(67,19,'Sébastien Haller',9,'rara','https://img.sofascore.com/api/v1/player/340184/image'),(68,23,'Alexander Isak',11,'rara','https://img.sofascore.com/api/v1/player/869246/image'),(69,24,'Youssef Msakni',7,'comun','https://img.sofascore.com/api/v1/player/190350/image'),(70,28,'Chris Wood',9,'comun','https://img.sofascore.com/api/v1/player/152724/image'),(71,30,'Garry Rodrigues',7,'comun','https://img.sofascore.com/api/v1/player/339862/image'),(72,36,'Mohanad Ali',9,'comun','https://img.sofascore.com/api/v1/player/870064/image'),(73,38,'Riyad Mahrez',7,'rara','https://img.sofascore.com/api/v1/player/281928/image'),(74,39,'David Alaba',8,'legendaria','https://img.sofascore.com/api/v1/player/52583/image'),(75,40,'Mousa Al-Taamari',7,'comun','https://img.sofascore.com/api/v1/player/579084/image'),(76,42,'Cédric Bakambu',17,'comun','https://img.sofascore.com/api/v1/player/324200/image'),(77,43,'Eldor Shomurodov',9,'comun','https://img.sofascore.com/api/v1/player/822668/image'),(78,37,'Giovani Lo Celso',18,'comun','https://img.sofascore.com/api/v1/player/798835/image'),(79,37,'Nicolás González',15,'comun','https://img.sofascore.com/api/v1/player/901325/image'),(80,33,'N\'Golo Kanté',13,'rara','https://img.sofascore.com/api/v1/player/234148/image'),(81,33,'Randal Kolo Muani',12,'comun','https://img.sofascore.com/api/v1/player/871706/image'),(82,9,'Danilo',2,'comun','https://img.sofascore.com/api/v1/player/104523/image'),(83,29,'Dani Olmo',10,'comun','https://img.sofascore.com/api/v1/player/868746/image'),(84,44,'Jhon Arias',17,'comun','https://img.sofascore.com/api/v1/player/975004/image'),(85,44,'Richard Ríos',6,'comun','https://img.sofascore.com/api/v1/player/1122082/image'),(86,45,'Phil Foden',20,'rara','https://img.sofascore.com/api/v1/player/922611/image'),(87,17,'Kai Havertz',7,'comun','https://img.sofascore.com/api/v1/player/834567/image'),(88,1,'Hirving Lozano',22,'comun','https://img.sofascore.com/api/v1/player/810893/image'),(89,13,'Weston McKennie',8,'comun','https://img.sofascore.com/api/v1/player/822059/image'),(90,46,'Mateo Kovačić',8,'comun','https://img.sofascore.com/api/v1/player/134513/image'),(91,41,'Rafael Leão',17,'comun','https://img.sofascore.com/api/v1/player/897745/image'),(92,21,'Cody Gakpo',11,'rara','https://img.sofascore.com/api/v1/player/940498/image'),(93,25,'Romelu Lukaku',9,'rara','https://img.sofascore.com/api/v1/player/65498/image'),(94,32,'Darwin Núñez',11,'rara','https://img.sofascore.com/api/v1/player/906498/image'),(95,10,'Hakim Ziyech',7,'rara','https://img.sofascore.com/api/v1/player/578218/image'),(96,35,'Martin Ødegaard',8,'rara','https://img.sofascore.com/api/v1/player/860498/image');
/*!40000 ALTER TABLE `lamina` ENABLE KEYS */;
UNLOCK TABLES;

--
-- Table structure for table `log`
--

DROP TABLE IF EXISTS `log`;
/*!40101 SET @saved_cs_client     = @@character_set_client */;
/*!50503 SET character_set_client = utf8mb4 */;
CREATE TABLE `log` (
  `log_id` int NOT NULL AUTO_INCREMENT,
  `tipo_evento` varchar(50) COLLATE utf8mb4_unicode_ci NOT NULL,
  `descripcion` varchar(500) COLLATE utf8mb4_unicode_ci DEFAULT NULL,
  `usuario_id` int DEFAULT NULL,
  `ip_origen` varchar(45) COLLATE utf8mb4_unicode_ci DEFAULT NULL,
  `correlacion_id` varchar(36) COLLATE utf8mb4_unicode_ci DEFAULT NULL,
  `fecha` datetime NOT NULL DEFAULT CURRENT_TIMESTAMP,
  PRIMARY KEY (`log_id`),
  KEY `idx_usuario_fecha` (`usuario_id`,`fecha`),
  KEY `idx_correlacion` (`correlacion_id`),
  CONSTRAINT `log_ibfk_1` FOREIGN KEY (`usuario_id`) REFERENCES `usuario` (`usuario_id`) ON DELETE SET NULL
) ENGINE=InnoDB AUTO_INCREMENT=22 DEFAULT CHARSET=utf8mb4 COLLATE=utf8mb4_unicode_ci;
/*!40101 SET character_set_client = @saved_cs_client */;

--
-- Dumping data for table `log`
--

LOCK TABLES `log` WRITE;
/*!40000 ALTER TABLE `log` DISABLE KEYS */;
INSERT INTO `log` VALUES (1,'login_fallido','Intento con email inexistente: admin@mundial2026.com',NULL,NULL,'823e7b52-aa45-405a-91c6-ae63f792beca','2026-05-14 00:18:55'),(2,'login_exitoso','Login exitoso: maria@ejemplo.com',1,NULL,'067e8220-6ee2-4a80-8e73-ca4acd0ee811','2026-05-14 00:19:06'),(3,'cambio_perfil','Perfil actualizado',1,NULL,'fce260b1-802a-4552-8ee7-77a4769b515f','2026-05-14 00:51:01'),(4,'cambio_perfil','Perfil actualizado',1,NULL,'3eaed347-f12b-4f2b-96e9-39094ca28e04','2026-05-14 01:17:02'),(5,'cambio_perfil','Perfil actualizado',1,NULL,'6fcbee62-6eea-4849-8507-a11e8dd4d06f','2026-05-14 01:17:07'),(6,'cambio_perfil','Perfil actualizado',1,NULL,'8e2d3c19-d946-4a3a-afe1-9aafc7fa8107','2026-05-14 01:17:15'),(7,'error_500','PUT /api/usuarios/1/preferencias: Data truncated for column \'canal_notificacion\' at row 1',1,'::1','5df58903-8bc0-4c42-a0af-0b47e0b48e5f','2026-05-14 01:17:24'),(8,'error_500','PUT /api/usuarios/1/preferencias: Data truncated for column \'canal_notificacion\' at row 1',1,'::1','6175453b-dd9d-4f01-8324-a79c8fb0b78b','2026-05-14 01:17:24'),(9,'error_500','PUT /api/usuarios/1/preferencias: Data truncated for column \'canal_notificacion\' at row 1',1,'::1','b1470ad0-7ae0-49c9-beec-ce13e8849377','2026-05-14 01:17:25'),(10,'error_500','PUT /api/usuarios/1/preferencias: Data truncated for column \'canal_notificacion\' at row 1',1,'::1','77ee0a27-92a7-4521-b1da-c89d14fd7c99','2026-05-14 01:17:25'),(11,'error_500','PUT /api/usuarios/1/preferencias: Data truncated for column \'canal_notificacion\' at row 1',1,'::1','1063c41f-ba63-4a20-9c2b-27ad48c40c19','2026-05-14 01:17:25'),(12,'error_500','PUT /api/usuarios/1/preferencias: Data truncated for column \'canal_notificacion\' at row 1',1,'::1','e0750997-f9b1-4675-bf46-af3fda68445b','2026-05-14 01:17:26'),(13,'error_500','PUT /api/usuarios/1/preferencias: Data truncated for column \'canal_notificacion\' at row 1',1,'::1','8673ed65-268e-4c13-ab7b-67cf4ebcf333','2026-05-14 01:17:26'),(14,'error_500','PUT /api/usuarios/1/preferencias: Data truncated for column \'canal_notificacion\' at row 1',1,'::1','26679965-f357-413d-85cc-d83ee40c3c8a','2026-05-14 01:17:26'),(15,'error_500','PUT /api/usuarios/1/preferencias: Data truncated for column \'canal_notificacion\' at row 1',1,'::1','2abb4448-ed8d-442e-8b90-1caf4d69338c','2026-05-14 01:17:26'),(16,'error_500','PUT /api/usuarios/1/preferencias: Data truncated for column \'canal_notificacion\' at row 1',1,'::1','393e5b01-54d9-48d7-ba69-ecd6addd55e5','2026-05-14 01:17:26'),(17,'cambio_perfil','Perfil actualizado',1,NULL,'9a60de9f-a20c-493a-b62a-05929460a523','2026-05-14 01:33:41'),(18,'error_500','PUT /api/usuarios/1/preferencias: Data truncated for column \'canal_notificacion\' at row 1',1,'::1','b233cc04-73c3-4718-97ac-87cb66ce9331','2026-05-14 01:33:49'),(19,'error_500','PUT /api/usuarios/1/preferencias: Data truncated for column \'canal_notificacion\' at row 1',1,'::1','83924a79-6181-487a-9ebf-6310348f89dd','2026-05-14 01:33:49'),(20,'error_500','PUT /api/usuarios/1/preferencias: Data truncated for column \'canal_notificacion\' at row 1',1,'::1','5f2516db-eb0a-4648-9ad6-7de5e6076c37','2026-05-14 01:33:50'),(21,'error_500','PUT /api/usuarios/1/preferencias: Data truncated for column \'canal_notificacion\' at row 1',1,'::1','715efdf4-2d20-4d2d-b613-5ebbbc7cb17d','2026-05-14 01:33:50');
/*!40000 ALTER TABLE `log` ENABLE KEYS */;
UNLOCK TABLES;

--
-- Table structure for table `notificacion`
--

DROP TABLE IF EXISTS `notificacion`;
/*!40101 SET @saved_cs_client     = @@character_set_client */;
/*!50503 SET character_set_client = utf8mb4 */;
CREATE TABLE `notificacion` (
  `notificacion_id` int NOT NULL AUTO_INCREMENT,
  `usuario_id` int NOT NULL,
  `tipo` enum('alert','reminder','info') COLLATE utf8mb4_unicode_ci NOT NULL DEFAULT 'info',
  `titulo` varchar(200) COLLATE utf8mb4_unicode_ci NOT NULL,
  `mensaje` text COLLATE utf8mb4_unicode_ci NOT NULL,
  `partido_id` int DEFAULT NULL,
  `leida` tinyint(1) DEFAULT '0',
  `fecha_envio` datetime NOT NULL DEFAULT CURRENT_TIMESTAMP,
  `fecha_lectura` datetime DEFAULT NULL,
  PRIMARY KEY (`notificacion_id`),
  KEY `partido_id` (`partido_id`),
  KEY `idx_usuario_leida` (`usuario_id`,`leida`),
  CONSTRAINT `notificacion_ibfk_1` FOREIGN KEY (`usuario_id`) REFERENCES `usuario` (`usuario_id`) ON DELETE CASCADE,
  CONSTRAINT `notificacion_ibfk_2` FOREIGN KEY (`partido_id`) REFERENCES `partido` (`partido_id`) ON DELETE SET NULL
) ENGINE=InnoDB AUTO_INCREMENT=4 DEFAULT CHARSET=utf8mb4 COLLATE=utf8mb4_unicode_ci;
/*!40101 SET character_set_client = @saved_cs_client */;

--
-- Dumping data for table `notificacion`
--

LOCK TABLES `notificacion` WRITE;
/*!40000 ALTER TABLE `notificacion` DISABLE KEYS */;
INSERT INTO `notificacion` VALUES (1,1,'alert','¡Partido próximo!','Argentina vs Brasil comienza mañana',1,0,'2026-05-13 20:46:24',NULL),(2,1,'info','Bienvenido al Mundial 2026','Tu cuenta ha sido creada exitosamente',NULL,1,'2026-05-13 20:46:24',NULL),(3,1,'reminder','No olvides tus pronósticos','Tienes pronósticos pendientes para la Fase de Grupos',NULL,0,'2026-05-13 20:46:24',NULL);
/*!40000 ALTER TABLE `notificacion` ENABLE KEYS */;
UNLOCK TABLES;

--
-- Table structure for table `pago`
--

DROP TABLE IF EXISTS `pago`;
/*!40101 SET @saved_cs_client     = @@character_set_client */;
/*!50503 SET character_set_client = utf8mb4 */;
CREATE TABLE `pago` (
  `pago_id` int NOT NULL AUTO_INCREMENT,
  `reserva_id` int NOT NULL,
  `monto` decimal(10,2) NOT NULL,
  `metodo_pago` varchar(50) COLLATE utf8mb4_unicode_ci DEFAULT 'simulado',
  `estado` enum('pendiente','completado','fallido') COLLATE utf8mb4_unicode_ci DEFAULT 'pendiente',
  `fecha_pago` datetime DEFAULT CURRENT_TIMESTAMP,
  PRIMARY KEY (`pago_id`),
  KEY `reserva_id` (`reserva_id`),
  CONSTRAINT `pago_ibfk_1` FOREIGN KEY (`reserva_id`) REFERENCES `reserva` (`reserva_id`)
) ENGINE=InnoDB DEFAULT CHARSET=utf8mb4 COLLATE=utf8mb4_unicode_ci;
/*!40101 SET character_set_client = @saved_cs_client */;

--
-- Dumping data for table `pago`
--

LOCK TABLES `pago` WRITE;
/*!40000 ALTER TABLE `pago` DISABLE KEYS */;
/*!40000 ALTER TABLE `pago` ENABLE KEYS */;
UNLOCK TABLES;

--
-- Table structure for table `paquete`
--

DROP TABLE IF EXISTS `paquete`;
/*!40101 SET @saved_cs_client     = @@character_set_client */;
/*!50503 SET character_set_client = utf8mb4 */;
CREATE TABLE `paquete` (
  `paquete_id` int NOT NULL AUTO_INCREMENT,
  `usuario_id` int NOT NULL,
  `origen` enum('bienvenida','puntos','evento','simulado') COLLATE utf8mb4_unicode_ci NOT NULL DEFAULT 'simulado',
  `estado` enum('disponible','abierto') COLLATE utf8mb4_unicode_ci NOT NULL DEFAULT 'disponible',
  `fecha_obtencion` datetime DEFAULT CURRENT_TIMESTAMP,
  `fecha_apertura` datetime DEFAULT NULL,
  PRIMARY KEY (`paquete_id`),
  KEY `usuario_id` (`usuario_id`),
  CONSTRAINT `paquete_ibfk_1` FOREIGN KEY (`usuario_id`) REFERENCES `usuario` (`usuario_id`) ON DELETE CASCADE
) ENGINE=InnoDB AUTO_INCREMENT=251 DEFAULT CHARSET=utf8mb4 COLLATE=utf8mb4_unicode_ci;
/*!40101 SET character_set_client = @saved_cs_client */;

--
-- Dumping data for table `paquete`
--

LOCK TABLES `paquete` WRITE;
/*!40000 ALTER TABLE `paquete` DISABLE KEYS */;
INSERT INTO `paquete` VALUES (1,11,'bienvenida','disponible','2026-05-14 00:09:49',NULL),(2,11,'bienvenida','disponible','2026-05-14 00:09:49',NULL),(3,11,'bienvenida','disponible','2026-05-14 00:09:49',NULL),(4,11,'bienvenida','disponible','2026-05-14 00:09:49',NULL),(5,11,'bienvenida','disponible','2026-05-14 00:09:49',NULL),(6,12,'bienvenida','disponible','2026-05-14 00:09:50',NULL),(7,12,'bienvenida','disponible','2026-05-14 00:09:50',NULL),(8,12,'bienvenida','disponible','2026-05-14 00:09:50',NULL),(9,12,'bienvenida','disponible','2026-05-14 00:09:50',NULL),(10,12,'bienvenida','disponible','2026-05-14 00:09:50',NULL),(11,13,'bienvenida','disponible','2026-05-14 00:09:50',NULL),(12,13,'bienvenida','disponible','2026-05-14 00:09:50',NULL),(13,13,'bienvenida','disponible','2026-05-14 00:09:50',NULL),(14,13,'bienvenida','disponible','2026-05-14 00:09:50',NULL),(15,13,'bienvenida','disponible','2026-05-14 00:09:50',NULL),(16,14,'bienvenida','disponible','2026-05-14 00:09:50',NULL),(17,14,'bienvenida','disponible','2026-05-14 00:09:50',NULL),(18,14,'bienvenida','disponible','2026-05-14 00:09:50',NULL),(19,14,'bienvenida','disponible','2026-05-14 00:09:50',NULL),(20,14,'bienvenida','disponible','2026-05-14 00:09:50',NULL),(21,15,'bienvenida','disponible','2026-05-14 00:09:50',NULL),(22,15,'bienvenida','disponible','2026-05-14 00:09:50',NULL),(23,15,'bienvenida','disponible','2026-05-14 00:09:50',NULL),(24,15,'bienvenida','disponible','2026-05-14 00:09:50',NULL),(25,15,'bienvenida','disponible','2026-05-14 00:09:50',NULL),(26,16,'bienvenida','disponible','2026-05-14 00:09:50',NULL),(27,16,'bienvenida','disponible','2026-05-14 00:09:50',NULL),(28,16,'bienvenida','disponible','2026-05-14 00:09:50',NULL),(29,16,'bienvenida','disponible','2026-05-14 00:09:50',NULL),(30,16,'bienvenida','disponible','2026-05-14 00:09:50',NULL),(31,17,'bienvenida','disponible','2026-05-14 00:09:50',NULL),(32,17,'bienvenida','disponible','2026-05-14 00:09:50',NULL),(33,17,'bienvenida','disponible','2026-05-14 00:09:50',NULL),(34,17,'bienvenida','disponible','2026-05-14 00:09:50',NULL),(35,17,'bienvenida','disponible','2026-05-14 00:09:50',NULL),(36,18,'bienvenida','disponible','2026-05-14 00:09:50',NULL),(37,18,'bienvenida','disponible','2026-05-14 00:09:50',NULL),(38,18,'bienvenida','disponible','2026-05-14 00:09:50',NULL),(39,18,'bienvenida','disponible','2026-05-14 00:09:50',NULL),(40,18,'bienvenida','disponible','2026-05-14 00:09:50',NULL),(41,19,'bienvenida','disponible','2026-05-14 00:09:50',NULL),(42,19,'bienvenida','disponible','2026-05-14 00:09:50',NULL),(43,19,'bienvenida','disponible','2026-05-14 00:09:50',NULL),(44,19,'bienvenida','disponible','2026-05-14 00:09:50',NULL),(45,19,'bienvenida','disponible','2026-05-14 00:09:50',NULL),(46,20,'bienvenida','disponible','2026-05-14 00:09:50',NULL),(47,20,'bienvenida','disponible','2026-05-14 00:09:50',NULL),(48,20,'bienvenida','disponible','2026-05-14 00:09:50',NULL),(49,20,'bienvenida','disponible','2026-05-14 00:09:50',NULL),(50,20,'bienvenida','disponible','2026-05-14 00:09:50',NULL),(51,21,'bienvenida','disponible','2026-05-14 00:09:50',NULL),(52,21,'bienvenida','disponible','2026-05-14 00:09:50',NULL),(53,21,'bienvenida','disponible','2026-05-14 00:09:50',NULL),(54,21,'bienvenida','disponible','2026-05-14 00:09:50',NULL),(55,21,'bienvenida','disponible','2026-05-14 00:09:50',NULL),(56,22,'bienvenida','disponible','2026-05-14 00:09:50',NULL),(57,22,'bienvenida','disponible','2026-05-14 00:09:50',NULL),(58,22,'bienvenida','disponible','2026-05-14 00:09:50',NULL),(59,22,'bienvenida','disponible','2026-05-14 00:09:50',NULL),(60,22,'bienvenida','disponible','2026-05-14 00:09:50',NULL),(61,23,'bienvenida','disponible','2026-05-14 00:09:50',NULL),(62,23,'bienvenida','disponible','2026-05-14 00:09:50',NULL),(63,23,'bienvenida','disponible','2026-05-14 00:09:50',NULL),(64,23,'bienvenida','disponible','2026-05-14 00:09:50',NULL),(65,23,'bienvenida','disponible','2026-05-14 00:09:50',NULL),(66,24,'bienvenida','disponible','2026-05-14 00:09:50',NULL),(67,24,'bienvenida','disponible','2026-05-14 00:09:50',NULL),(68,24,'bienvenida','disponible','2026-05-14 00:09:50',NULL),(69,24,'bienvenida','disponible','2026-05-14 00:09:50',NULL),(70,24,'bienvenida','disponible','2026-05-14 00:09:50',NULL),(71,25,'bienvenida','disponible','2026-05-14 00:09:51',NULL),(72,25,'bienvenida','disponible','2026-05-14 00:09:51',NULL),(73,25,'bienvenida','disponible','2026-05-14 00:09:51',NULL),(74,25,'bienvenida','disponible','2026-05-14 00:09:51',NULL),(75,25,'bienvenida','disponible','2026-05-14 00:09:51',NULL),(76,26,'bienvenida','disponible','2026-05-14 00:09:51',NULL),(77,26,'bienvenida','disponible','2026-05-14 00:09:51',NULL),(78,26,'bienvenida','disponible','2026-05-14 00:09:51',NULL),(79,26,'bienvenida','disponible','2026-05-14 00:09:51',NULL),(80,26,'bienvenida','disponible','2026-05-14 00:09:51',NULL),(81,27,'bienvenida','disponible','2026-05-14 00:09:51',NULL),(82,27,'bienvenida','disponible','2026-05-14 00:09:51',NULL),(83,27,'bienvenida','disponible','2026-05-14 00:09:51',NULL),(84,27,'bienvenida','disponible','2026-05-14 00:09:51',NULL),(85,27,'bienvenida','disponible','2026-05-14 00:09:51',NULL),(86,28,'bienvenida','disponible','2026-05-14 00:09:51',NULL),(87,28,'bienvenida','disponible','2026-05-14 00:09:51',NULL),(88,28,'bienvenida','disponible','2026-05-14 00:09:51',NULL),(89,28,'bienvenida','disponible','2026-05-14 00:09:51',NULL),(90,28,'bienvenida','disponible','2026-05-14 00:09:51',NULL),(91,29,'bienvenida','disponible','2026-05-14 00:09:51',NULL),(92,29,'bienvenida','disponible','2026-05-14 00:09:51',NULL),(93,29,'bienvenida','disponible','2026-05-14 00:09:51',NULL),(94,29,'bienvenida','disponible','2026-05-14 00:09:51',NULL),(95,29,'bienvenida','disponible','2026-05-14 00:09:51',NULL),(96,30,'bienvenida','disponible','2026-05-14 00:09:51',NULL),(97,30,'bienvenida','disponible','2026-05-14 00:09:51',NULL),(98,30,'bienvenida','disponible','2026-05-14 00:09:51',NULL),(99,30,'bienvenida','disponible','2026-05-14 00:09:51',NULL),(100,30,'bienvenida','disponible','2026-05-14 00:09:51',NULL),(101,31,'bienvenida','disponible','2026-05-14 00:09:51',NULL),(102,31,'bienvenida','disponible','2026-05-14 00:09:51',NULL),(103,31,'bienvenida','disponible','2026-05-14 00:09:51',NULL),(104,31,'bienvenida','disponible','2026-05-14 00:09:51',NULL),(105,31,'bienvenida','disponible','2026-05-14 00:09:51',NULL),(106,32,'bienvenida','disponible','2026-05-14 00:09:51',NULL),(107,32,'bienvenida','disponible','2026-05-14 00:09:51',NULL),(108,32,'bienvenida','disponible','2026-05-14 00:09:51',NULL),(109,32,'bienvenida','disponible','2026-05-14 00:09:51',NULL),(110,32,'bienvenida','disponible','2026-05-14 00:09:51',NULL),(111,33,'bienvenida','disponible','2026-05-14 00:09:51',NULL),(112,33,'bienvenida','disponible','2026-05-14 00:09:51',NULL),(113,33,'bienvenida','disponible','2026-05-14 00:09:51',NULL),(114,33,'bienvenida','disponible','2026-05-14 00:09:51',NULL),(115,33,'bienvenida','disponible','2026-05-14 00:09:51',NULL),(116,34,'bienvenida','disponible','2026-05-14 00:09:51',NULL),(117,34,'bienvenida','disponible','2026-05-14 00:09:51',NULL),(118,34,'bienvenida','disponible','2026-05-14 00:09:51',NULL),(119,34,'bienvenida','disponible','2026-05-14 00:09:51',NULL),(120,34,'bienvenida','disponible','2026-05-14 00:09:51',NULL),(121,35,'bienvenida','disponible','2026-05-14 00:09:51',NULL),(122,35,'bienvenida','disponible','2026-05-14 00:09:51',NULL),(123,35,'bienvenida','disponible','2026-05-14 00:09:51',NULL),(124,35,'bienvenida','disponible','2026-05-14 00:09:51',NULL),(125,35,'bienvenida','disponible','2026-05-14 00:09:51',NULL),(126,36,'bienvenida','disponible','2026-05-14 00:09:51',NULL),(127,36,'bienvenida','disponible','2026-05-14 00:09:51',NULL),(128,36,'bienvenida','disponible','2026-05-14 00:09:51',NULL),(129,36,'bienvenida','disponible','2026-05-14 00:09:51',NULL),(130,36,'bienvenida','disponible','2026-05-14 00:09:51',NULL),(131,37,'bienvenida','disponible','2026-05-14 00:09:51',NULL),(132,37,'bienvenida','disponible','2026-05-14 00:09:51',NULL),(133,37,'bienvenida','disponible','2026-05-14 00:09:51',NULL),(134,37,'bienvenida','disponible','2026-05-14 00:09:51',NULL),(135,37,'bienvenida','disponible','2026-05-14 00:09:51',NULL),(136,38,'bienvenida','disponible','2026-05-14 00:09:51',NULL),(137,38,'bienvenida','disponible','2026-05-14 00:09:51',NULL),(138,38,'bienvenida','disponible','2026-05-14 00:09:51',NULL),(139,38,'bienvenida','disponible','2026-05-14 00:09:51',NULL),(140,38,'bienvenida','disponible','2026-05-14 00:09:51',NULL),(141,39,'bienvenida','disponible','2026-05-14 00:09:51',NULL),(142,39,'bienvenida','disponible','2026-05-14 00:09:51',NULL),(143,39,'bienvenida','disponible','2026-05-14 00:09:51',NULL),(144,39,'bienvenida','disponible','2026-05-14 00:09:51',NULL),(145,39,'bienvenida','disponible','2026-05-14 00:09:51',NULL),(146,40,'bienvenida','disponible','2026-05-14 00:09:52',NULL),(147,40,'bienvenida','disponible','2026-05-14 00:09:52',NULL),(148,40,'bienvenida','disponible','2026-05-14 00:09:52',NULL),(149,40,'bienvenida','disponible','2026-05-14 00:09:52',NULL),(150,40,'bienvenida','disponible','2026-05-14 00:09:52',NULL),(151,41,'bienvenida','disponible','2026-05-14 00:09:52',NULL),(152,41,'bienvenida','disponible','2026-05-14 00:09:52',NULL),(153,41,'bienvenida','disponible','2026-05-14 00:09:52',NULL),(154,41,'bienvenida','disponible','2026-05-14 00:09:52',NULL),(155,41,'bienvenida','disponible','2026-05-14 00:09:52',NULL),(156,42,'bienvenida','disponible','2026-05-14 00:09:52',NULL),(157,42,'bienvenida','disponible','2026-05-14 00:09:52',NULL),(158,42,'bienvenida','disponible','2026-05-14 00:09:52',NULL),(159,42,'bienvenida','disponible','2026-05-14 00:09:52',NULL),(160,42,'bienvenida','disponible','2026-05-14 00:09:52',NULL),(161,43,'bienvenida','disponible','2026-05-14 00:09:52',NULL),(162,43,'bienvenida','disponible','2026-05-14 00:09:52',NULL),(163,43,'bienvenida','disponible','2026-05-14 00:09:52',NULL),(164,43,'bienvenida','disponible','2026-05-14 00:09:52',NULL),(165,43,'bienvenida','disponible','2026-05-14 00:09:52',NULL),(166,44,'bienvenida','disponible','2026-05-14 00:09:52',NULL),(167,44,'bienvenida','disponible','2026-05-14 00:09:52',NULL),(168,44,'bienvenida','disponible','2026-05-14 00:09:52',NULL),(169,44,'bienvenida','disponible','2026-05-14 00:09:52',NULL),(170,44,'bienvenida','disponible','2026-05-14 00:09:52',NULL),(171,45,'bienvenida','disponible','2026-05-14 00:09:52',NULL),(172,45,'bienvenida','disponible','2026-05-14 00:09:52',NULL),(173,45,'bienvenida','disponible','2026-05-14 00:09:52',NULL),(174,45,'bienvenida','disponible','2026-05-14 00:09:52',NULL),(175,45,'bienvenida','disponible','2026-05-14 00:09:52',NULL),(176,46,'bienvenida','disponible','2026-05-14 00:09:52',NULL),(177,46,'bienvenida','disponible','2026-05-14 00:09:52',NULL),(178,46,'bienvenida','disponible','2026-05-14 00:09:52',NULL),(179,46,'bienvenida','disponible','2026-05-14 00:09:52',NULL),(180,46,'bienvenida','disponible','2026-05-14 00:09:52',NULL),(181,47,'bienvenida','disponible','2026-05-14 00:09:52',NULL),(182,47,'bienvenida','disponible','2026-05-14 00:09:52',NULL),(183,47,'bienvenida','disponible','2026-05-14 00:09:52',NULL),(184,47,'bienvenida','disponible','2026-05-14 00:09:52',NULL),(185,47,'bienvenida','disponible','2026-05-14 00:09:52',NULL),(186,48,'bienvenida','disponible','2026-05-14 00:09:52',NULL),(187,48,'bienvenida','disponible','2026-05-14 00:09:52',NULL),(188,48,'bienvenida','disponible','2026-05-14 00:09:52',NULL),(189,48,'bienvenida','disponible','2026-05-14 00:09:52',NULL),(190,48,'bienvenida','disponible','2026-05-14 00:09:52',NULL),(191,49,'bienvenida','disponible','2026-05-14 00:09:52',NULL),(192,49,'bienvenida','disponible','2026-05-14 00:09:52',NULL),(193,49,'bienvenida','disponible','2026-05-14 00:09:52',NULL),(194,49,'bienvenida','disponible','2026-05-14 00:09:52',NULL),(195,49,'bienvenida','disponible','2026-05-14 00:09:52',NULL),(196,50,'bienvenida','disponible','2026-05-14 00:09:52',NULL),(197,50,'bienvenida','disponible','2026-05-14 00:09:52',NULL),(198,50,'bienvenida','disponible','2026-05-14 00:09:52',NULL),(199,50,'bienvenida','disponible','2026-05-14 00:09:52',NULL),(200,50,'bienvenida','disponible','2026-05-14 00:09:52',NULL),(201,1,'bienvenida','disponible','2026-05-14 00:09:52',NULL),(202,1,'bienvenida','disponible','2026-05-14 00:09:52',NULL),(203,1,'bienvenida','disponible','2026-05-14 00:09:52',NULL),(204,1,'bienvenida','disponible','2026-05-14 00:09:52',NULL),(205,1,'bienvenida','disponible','2026-05-14 00:09:52',NULL),(206,2,'bienvenida','disponible','2026-05-14 00:09:52',NULL),(207,2,'bienvenida','disponible','2026-05-14 00:09:52',NULL),(208,2,'bienvenida','disponible','2026-05-14 00:09:52',NULL),(209,2,'bienvenida','disponible','2026-05-14 00:09:52',NULL),(210,2,'bienvenida','disponible','2026-05-14 00:09:52',NULL),(211,3,'bienvenida','disponible','2026-05-14 00:09:52',NULL),(212,3,'bienvenida','disponible','2026-05-14 00:09:52',NULL),(213,3,'bienvenida','disponible','2026-05-14 00:09:52',NULL),(214,3,'bienvenida','disponible','2026-05-14 00:09:52',NULL),(215,3,'bienvenida','disponible','2026-05-14 00:09:52',NULL),(216,4,'bienvenida','disponible','2026-05-14 00:09:52',NULL),(217,4,'bienvenida','disponible','2026-05-14 00:09:52',NULL),(218,4,'bienvenida','disponible','2026-05-14 00:09:52',NULL),(219,4,'bienvenida','disponible','2026-05-14 00:09:52',NULL),(220,4,'bienvenida','disponible','2026-05-14 00:09:52',NULL),(221,5,'bienvenida','disponible','2026-05-14 00:09:53',NULL),(222,5,'bienvenida','disponible','2026-05-14 00:09:53',NULL),(223,5,'bienvenida','disponible','2026-05-14 00:09:53',NULL),(224,5,'bienvenida','disponible','2026-05-14 00:09:53',NULL),(225,5,'bienvenida','disponible','2026-05-14 00:09:53',NULL),(226,6,'bienvenida','disponible','2026-05-14 00:09:53',NULL),(227,6,'bienvenida','disponible','2026-05-14 00:09:53',NULL),(228,6,'bienvenida','disponible','2026-05-14 00:09:53',NULL),(229,6,'bienvenida','disponible','2026-05-14 00:09:53',NULL),(230,6,'bienvenida','disponible','2026-05-14 00:09:53',NULL),(231,7,'bienvenida','disponible','2026-05-14 00:09:53',NULL),(232,7,'bienvenida','disponible','2026-05-14 00:09:53',NULL),(233,7,'bienvenida','disponible','2026-05-14 00:09:53',NULL),(234,7,'bienvenida','disponible','2026-05-14 00:09:53',NULL),(235,7,'bienvenida','disponible','2026-05-14 00:09:53',NULL),(236,8,'bienvenida','disponible','2026-05-14 00:09:53',NULL),(237,8,'bienvenida','disponible','2026-05-14 00:09:53',NULL),(238,8,'bienvenida','disponible','2026-05-14 00:09:53',NULL),(239,8,'bienvenida','disponible','2026-05-14 00:09:53',NULL),(240,8,'bienvenida','disponible','2026-05-14 00:09:53',NULL),(241,9,'bienvenida','disponible','2026-05-14 00:09:53',NULL),(242,9,'bienvenida','disponible','2026-05-14 00:09:53',NULL),(243,9,'bienvenida','disponible','2026-05-14 00:09:53',NULL),(244,9,'bienvenida','disponible','2026-05-14 00:09:53',NULL),(245,9,'bienvenida','disponible','2026-05-14 00:09:53',NULL),(246,10,'bienvenida','disponible','2026-05-14 00:09:53',NULL),(247,10,'bienvenida','disponible','2026-05-14 00:09:53',NULL),(248,10,'bienvenida','disponible','2026-05-14 00:09:53',NULL),(249,10,'bienvenida','disponible','2026-05-14 00:09:53',NULL),(250,10,'bienvenida','disponible','2026-05-14 00:09:53',NULL);
/*!40000 ALTER TABLE `paquete` ENABLE KEYS */;
UNLOCK TABLES;

--
-- Table structure for table `paquete_lamina`
--

DROP TABLE IF EXISTS `paquete_lamina`;
/*!40101 SET @saved_cs_client     = @@character_set_client */;
/*!50503 SET character_set_client = utf8mb4 */;
CREATE TABLE `paquete_lamina` (
  `paquete_lamina_id` int NOT NULL AUTO_INCREMENT,
  `paquete_id` int NOT NULL,
  `lamina_id` int NOT NULL,
  PRIMARY KEY (`paquete_lamina_id`),
  KEY `paquete_id` (`paquete_id`),
  KEY `lamina_id` (`lamina_id`),
  CONSTRAINT `paquete_lamina_ibfk_1` FOREIGN KEY (`paquete_id`) REFERENCES `paquete` (`paquete_id`) ON DELETE CASCADE,
  CONSTRAINT `paquete_lamina_ibfk_2` FOREIGN KEY (`lamina_id`) REFERENCES `lamina` (`lamina_id`)
) ENGINE=InnoDB DEFAULT CHARSET=utf8mb4 COLLATE=utf8mb4_unicode_ci;
/*!40101 SET character_set_client = @saved_cs_client */;

--
-- Dumping data for table `paquete_lamina`
--

LOCK TABLES `paquete_lamina` WRITE;
/*!40000 ALTER TABLE `paquete_lamina` DISABLE KEYS */;
/*!40000 ALTER TABLE `paquete_lamina` ENABLE KEYS */;
UNLOCK TABLES;

--
-- Table structure for table `participacion_polla`
--

DROP TABLE IF EXISTS `participacion_polla`;
/*!40101 SET @saved_cs_client     = @@character_set_client */;
/*!50503 SET character_set_client = utf8mb4 */;
CREATE TABLE `participacion_polla` (
  `participacion_id` int NOT NULL AUTO_INCREMENT,
  `polla_id` int NOT NULL,
  `usuario_id` int NOT NULL,
  `puntos_total` int DEFAULT '0',
  `posicion` int DEFAULT '0',
  `fecha_union` datetime DEFAULT CURRENT_TIMESTAMP,
  PRIMARY KEY (`participacion_id`),
  UNIQUE KEY `uk_polla_usuario` (`polla_id`,`usuario_id`),
  KEY `usuario_id` (`usuario_id`),
  CONSTRAINT `participacion_polla_ibfk_1` FOREIGN KEY (`polla_id`) REFERENCES `polla` (`polla_id`) ON DELETE CASCADE,
  CONSTRAINT `participacion_polla_ibfk_2` FOREIGN KEY (`usuario_id`) REFERENCES `usuario` (`usuario_id`) ON DELETE CASCADE
) ENGINE=InnoDB DEFAULT CHARSET=utf8mb4 COLLATE=utf8mb4_unicode_ci;
/*!40101 SET character_set_client = @saved_cs_client */;

--
-- Dumping data for table `participacion_polla`
--

LOCK TABLES `participacion_polla` WRITE;
/*!40000 ALTER TABLE `participacion_polla` DISABLE KEYS */;
/*!40000 ALTER TABLE `participacion_polla` ENABLE KEYS */;
UNLOCK TABLES;

--
-- Table structure for table `partido`
--

DROP TABLE IF EXISTS `partido`;
/*!40101 SET @saved_cs_client     = @@character_set_client */;
/*!50503 SET character_set_client = utf8mb4 */;
CREATE TABLE `partido` (
  `partido_id` int NOT NULL AUTO_INCREMENT,
  `equipo_local_id` int DEFAULT NULL,
  `equipo_visitante_id` int DEFAULT NULL,
  `estadio_id` int DEFAULT NULL,
  `fecha` date NOT NULL,
  `hora` varchar(10) COLLATE utf8mb4_unicode_ci NOT NULL,
  `fase` varchar(50) COLLATE utf8mb4_unicode_ci NOT NULL DEFAULT 'Fase de Grupos',
  `estado` enum('programado','en_curso','finalizado') COLLATE utf8mb4_unicode_ci NOT NULL DEFAULT 'programado',
  `goles_local` int DEFAULT NULL,
  `goles_visitante` int DEFAULT NULL,
  `provisional` tinyint(1) DEFAULT '0',
  `fuente_datos` enum('manual','api') COLLATE utf8mb4_unicode_ci DEFAULT 'manual',
  PRIMARY KEY (`partido_id`),
  KEY `equipo_local_id` (`equipo_local_id`),
  KEY `equipo_visitante_id` (`equipo_visitante_id`),
  KEY `estadio_id` (`estadio_id`),
  KEY `idx_fecha` (`fecha`),
  KEY `idx_estado` (`estado`),
  CONSTRAINT `partido_ibfk_1` FOREIGN KEY (`equipo_local_id`) REFERENCES `equipo` (`equipo_id`),
  CONSTRAINT `partido_ibfk_2` FOREIGN KEY (`equipo_visitante_id`) REFERENCES `equipo` (`equipo_id`),
  CONSTRAINT `partido_ibfk_3` FOREIGN KEY (`estadio_id`) REFERENCES `estadio` (`estadio_id`)
) ENGINE=InnoDB AUTO_INCREMENT=73 DEFAULT CHARSET=utf8mb4 COLLATE=utf8mb4_unicode_ci;
/*!40101 SET character_set_client = @saved_cs_client */;

--
-- Dumping data for table `partido`
--

LOCK TABLES `partido` WRITE;
/*!40000 ALTER TABLE `partido` DISABLE KEYS */;
INSERT INTO `partido` VALUES (1,1,2,1,'2026-06-11','13:00','Fase de Grupos','programado',NULL,NULL,0,'manual'),(2,3,4,2,'2026-06-11','20:00','Fase de Grupos','programado',NULL,NULL,0,'manual'),(3,4,2,9,'2026-06-18','12:00','Fase de Grupos','programado',NULL,NULL,0,'manual'),(4,1,3,2,'2026-06-18','19:00','Fase de Grupos','programado',NULL,NULL,0,'manual'),(5,4,1,1,'2026-06-24','19:00','Fase de Grupos','programado',NULL,NULL,0,'manual'),(6,2,3,5,'2026-06-24','19:00','Fase de Grupos','programado',NULL,NULL,0,'manual'),(7,5,6,16,'2026-06-12','15:00','Fase de Grupos','programado',NULL,NULL,0,'manual'),(8,7,8,14,'2026-06-12','13:00','Fase de Grupos','programado',NULL,NULL,0,'manual'),(9,8,6,14,'2026-06-18','12:00','Fase de Grupos','programado',NULL,NULL,0,'manual'),(10,5,7,15,'2026-06-18','15:00','Fase de Grupos','programado',NULL,NULL,0,'manual'),(11,8,5,15,'2026-06-24','12:00','Fase de Grupos','programado',NULL,NULL,0,'manual'),(12,6,7,14,'2026-06-24','12:00','Fase de Grupos','programado',NULL,NULL,0,'manual'),(13,9,10,4,'2026-06-13','18:00','Fase de Grupos','programado',NULL,NULL,0,'manual'),(14,11,12,12,'2026-06-13','21:00','Fase de Grupos','programado',NULL,NULL,0,'manual'),(15,12,10,12,'2026-06-19','18:00','Fase de Grupos','programado',NULL,NULL,0,'manual'),(16,9,11,11,'2026-06-19','20:30','Fase de Grupos','programado',NULL,NULL,0,'manual'),(17,12,9,11,'2026-06-24','18:00','Fase de Grupos','programado',NULL,NULL,0,'manual'),(18,10,11,8,'2026-06-24','18:00','Fase de Grupos','programado',NULL,NULL,0,'manual'),(19,13,14,5,'2026-06-12','18:00','Fase de Grupos','programado',NULL,NULL,0,'manual'),(20,15,16,15,'2026-06-12','12:00','Fase de Grupos','programado',NULL,NULL,0,'manual'),(21,13,15,13,'2026-06-19','12:00','Fase de Grupos','programado',NULL,NULL,0,'manual'),(22,16,14,14,'2026-06-19','20:00','Fase de Grupos','programado',NULL,NULL,0,'manual'),(23,16,13,5,'2026-06-25','19:00','Fase de Grupos','programado',NULL,NULL,0,'manual'),(24,14,15,14,'2026-06-25','19:00','Fase de Grupos','programado',NULL,NULL,0,'manual'),(25,17,18,7,'2026-06-14','12:00','Fase de Grupos','programado',NULL,NULL,0,'manual'),(26,19,20,11,'2026-06-14','19:00','Fase de Grupos','programado',NULL,NULL,0,'manual'),(27,17,19,16,'2026-06-20','16:00','Fase de Grupos','programado',NULL,NULL,0,'manual'),(28,20,18,10,'2026-06-20','19:00','Fase de Grupos','programado',NULL,NULL,0,'manual'),(29,18,19,5,'2026-06-25','18:00','Fase de Grupos','programado',NULL,NULL,0,'manual'),(30,20,17,4,'2026-06-25','16:00','Fase de Grupos','programado',NULL,NULL,0,'manual'),(31,21,22,6,'2026-06-14','15:00','Fase de Grupos','programado',NULL,NULL,0,'manual'),(32,23,24,3,'2026-06-14','20:00','Fase de Grupos','programado',NULL,NULL,0,'manual'),(33,21,23,7,'2026-06-20','12:00','Fase de Grupos','programado',NULL,NULL,0,'manual'),(34,24,22,3,'2026-06-20','22:00','Fase de Grupos','programado',NULL,NULL,0,'manual'),(35,22,23,6,'2026-06-25','18:00','Fase de Grupos','programado',NULL,NULL,0,'manual'),(36,24,21,10,'2026-06-25','18:00','Fase de Grupos','programado',NULL,NULL,0,'manual'),(37,25,26,13,'2026-06-15','12:00','Fase de Grupos','programado',NULL,NULL,0,'manual'),(38,27,28,5,'2026-06-15','18:00','Fase de Grupos','programado',NULL,NULL,0,'manual'),(39,25,27,5,'2026-06-21','12:00','Fase de Grupos','programado',NULL,NULL,0,'manual'),(40,28,26,15,'2026-06-21','18:00','Fase de Grupos','programado',NULL,NULL,0,'manual'),(41,26,27,13,'2026-06-26','20:00','Fase de Grupos','programado',NULL,NULL,0,'manual'),(42,28,25,15,'2026-06-26','20:00','Fase de Grupos','programado',NULL,NULL,0,'manual'),(43,29,30,9,'2026-06-15','18:00','Fase de Grupos','programado',NULL,NULL,0,'manual'),(44,31,32,8,'2026-06-15','12:00','Fase de Grupos','programado',NULL,NULL,0,'manual'),(45,29,31,9,'2026-06-21','12:00','Fase de Grupos','programado',NULL,NULL,0,'manual'),(46,32,30,8,'2026-06-21','18:00','Fase de Grupos','programado',NULL,NULL,0,'manual'),(47,30,31,7,'2026-06-26','19:00','Fase de Grupos','programado',NULL,NULL,0,'manual'),(48,32,29,2,'2026-06-26','18:00','Fase de Grupos','programado',NULL,NULL,0,'manual'),(49,33,34,4,'2026-06-16','12:00','Fase de Grupos','programado',NULL,NULL,0,'manual'),(50,36,35,12,'2026-06-16','18:00','Fase de Grupos','programado',NULL,NULL,0,'manual'),(51,33,36,11,'2026-06-22','17:00','Fase de Grupos','programado',NULL,NULL,0,'manual'),(52,35,34,4,'2026-06-22','20:00','Fase de Grupos','programado',NULL,NULL,0,'manual'),(53,34,36,16,'2026-06-26','15:00','Fase de Grupos','programado',NULL,NULL,0,'manual'),(54,33,35,4,'2026-06-26','15:00','Fase de Grupos','programado',NULL,NULL,0,'manual'),(55,37,38,10,'2026-06-16','20:00','Fase de Grupos','programado',NULL,NULL,0,'manual'),(56,39,40,14,'2026-06-16','21:00','Fase de Grupos','programado',NULL,NULL,0,'manual'),(57,37,39,6,'2026-06-22','12:00','Fase de Grupos','programado',NULL,NULL,0,'manual'),(58,40,38,14,'2026-06-22','20:00','Fase de Grupos','programado',NULL,NULL,0,'manual'),(59,38,39,7,'2026-06-27','15:00','Fase de Grupos','programado',NULL,NULL,0,'manual'),(60,40,37,8,'2026-06-27','15:00','Fase de Grupos','programado',NULL,NULL,0,'manual'),(61,41,42,6,'2026-06-17','15:00','Fase de Grupos','programado',NULL,NULL,0,'manual'),(62,43,44,1,'2026-06-17','20:00','Fase de Grupos','programado',NULL,NULL,0,'manual'),(63,41,43,7,'2026-06-23','12:00','Fase de Grupos','programado',NULL,NULL,0,'manual'),(64,44,42,2,'2026-06-23','20:00','Fase de Grupos','programado',NULL,NULL,0,'manual'),(65,42,43,6,'2026-06-27','15:00','Fase de Grupos','programado',NULL,NULL,0,'manual'),(66,44,41,7,'2026-06-27','15:00','Fase de Grupos','programado',NULL,NULL,0,'manual'),(67,45,46,6,'2026-06-17','15:00','Fase de Grupos','programado',NULL,NULL,0,'manual'),(68,47,48,16,'2026-06-17','19:00','Fase de Grupos','programado',NULL,NULL,0,'manual'),(69,45,47,9,'2026-06-23','18:00','Fase de Grupos','programado',NULL,NULL,0,'manual'),(70,48,46,14,'2026-06-23','12:00','Fase de Grupos','programado',NULL,NULL,0,'manual'),(71,48,45,4,'2026-06-27','17:00','Fase de Grupos','programado',NULL,NULL,0,'manual'),(72,46,47,11,'2026-06-27','17:00','Fase de Grupos','programado',NULL,NULL,0,'manual');
/*!40000 ALTER TABLE `partido` ENABLE KEYS */;
UNLOCK TABLES;

--
-- Table structure for table `polla`
--

DROP TABLE IF EXISTS `polla`;
/*!40101 SET @saved_cs_client     = @@character_set_client */;
/*!50503 SET character_set_client = utf8mb4 */;
CREATE TABLE `polla` (
  `polla_id` int NOT NULL AUTO_INCREMENT,
  `nombre` varchar(100) COLLATE utf8mb4_unicode_ci NOT NULL,
  `descripcion` text COLLATE utf8mb4_unicode_ci,
  `codigo_invitacion` varchar(20) COLLATE utf8mb4_unicode_ci NOT NULL,
  `creador_id` int NOT NULL,
  `pts_marcador_exacto` int DEFAULT '3',
  `pts_ganador` int DEFAULT '1',
  `estado` enum('activa','cerrada','finalizada') COLLATE utf8mb4_unicode_ci DEFAULT 'activa',
  `fecha_creacion` datetime NOT NULL DEFAULT CURRENT_TIMESTAMP,
  PRIMARY KEY (`polla_id`),
  UNIQUE KEY `codigo_invitacion` (`codigo_invitacion`),
  KEY `creador_id` (`creador_id`),
  KEY `idx_codigo` (`codigo_invitacion`),
  CONSTRAINT `polla_ibfk_1` FOREIGN KEY (`creador_id`) REFERENCES `usuario` (`usuario_id`)
) ENGINE=InnoDB AUTO_INCREMENT=6 DEFAULT CHARSET=utf8mb4 COLLATE=utf8mb4_unicode_ci;
/*!40101 SET character_set_client = @saved_cs_client */;

--
-- Dumping data for table `polla`
--

LOCK TABLES `polla` WRITE;
/*!40000 ALTER TABLE `polla` DISABLE KEYS */;
INSERT INTO `polla` VALUES (1,'Amigos del Fútbol','Polla entre amigos del Mundial 2026','AMIGOS2026',1,3,1,'activa','2026-05-14 00:09:53'),(2,'Oficina Mundial','Polla del trabajo','OFICI2026',4,3,1,'activa','2026-05-14 00:09:53'),(3,'Familia Torres','Polla familiar','FAMILY26',11,3,1,'activa','2026-05-14 00:09:53'),(4,'Liga Universitaria','Polla de la universidad','UNIV2026',15,3,1,'activa','2026-05-14 00:09:53'),(5,'Barrio FC','Polla del barrio','BARRIO26',20,3,1,'activa','2026-05-14 00:09:53');
/*!40000 ALTER TABLE `polla` ENABLE KEYS */;
UNLOCK TABLES;

--
-- Table structure for table `preferencia`
--

DROP TABLE IF EXISTS `preferencia`;
/*!40101 SET @saved_cs_client     = @@character_set_client */;
/*!50503 SET character_set_client = utf8mb4 */;
CREATE TABLE `preferencia` (
  `preferencia_id` int NOT NULL AUTO_INCREMENT,
  `usuario_id` int NOT NULL,
  `idioma` varchar(5) COLLATE utf8mb4_unicode_ci DEFAULT 'es',
  `zona_horaria` varchar(50) COLLATE utf8mb4_unicode_ci DEFAULT 'America/Bogota',
  `canal_notificacion` enum('push','email','ambos','ninguno') COLLATE utf8mb4_unicode_ci DEFAULT 'push',
  PRIMARY KEY (`preferencia_id`),
  UNIQUE KEY `usuario_id` (`usuario_id`),
  CONSTRAINT `preferencia_ibfk_1` FOREIGN KEY (`usuario_id`) REFERENCES `usuario` (`usuario_id`) ON DELETE CASCADE
) ENGINE=InnoDB AUTO_INCREMENT=2 DEFAULT CHARSET=utf8mb4 COLLATE=utf8mb4_unicode_ci;
/*!40101 SET character_set_client = @saved_cs_client */;

--
-- Dumping data for table `preferencia`
--

LOCK TABLES `preferencia` WRITE;
/*!40000 ALTER TABLE `preferencia` DISABLE KEYS */;
INSERT INTO `preferencia` VALUES (1,1,'es','America/Bogota','ambos');
/*!40000 ALTER TABLE `preferencia` ENABLE KEYS */;
UNLOCK TABLES;

--
-- Table structure for table `pronostico`
--

DROP TABLE IF EXISTS `pronostico`;
/*!40101 SET @saved_cs_client     = @@character_set_client */;
/*!50503 SET character_set_client = utf8mb4 */;
CREATE TABLE `pronostico` (
  `pronostico_id` int NOT NULL AUTO_INCREMENT,
  `participacion_id` int NOT NULL,
  `partido_id` int NOT NULL,
  `goles_local` int NOT NULL DEFAULT '0',
  `goles_visitante` int NOT NULL DEFAULT '0',
  `puntos` int DEFAULT '0',
  `bloqueado` tinyint(1) DEFAULT '0',
  PRIMARY KEY (`pronostico_id`),
  UNIQUE KEY `uk_participacion_partido` (`participacion_id`,`partido_id`),
  KEY `partido_id` (`partido_id`),
  CONSTRAINT `pronostico_ibfk_1` FOREIGN KEY (`participacion_id`) REFERENCES `participacion_polla` (`participacion_id`) ON DELETE CASCADE,
  CONSTRAINT `pronostico_ibfk_2` FOREIGN KEY (`partido_id`) REFERENCES `partido` (`partido_id`)
) ENGINE=InnoDB DEFAULT CHARSET=utf8mb4 COLLATE=utf8mb4_unicode_ci;
/*!40101 SET character_set_client = @saved_cs_client */;

--
-- Dumping data for table `pronostico`
--

LOCK TABLES `pronostico` WRITE;
/*!40000 ALTER TABLE `pronostico` DISABLE KEYS */;
/*!40000 ALTER TABLE `pronostico` ENABLE KEYS */;
UNLOCK TABLES;

--
-- Table structure for table `reserva`
--

DROP TABLE IF EXISTS `reserva`;
/*!40101 SET @saved_cs_client     = @@character_set_client */;
/*!50503 SET character_set_client = utf8mb4 */;
CREATE TABLE `reserva` (
  `reserva_id` int NOT NULL AUTO_INCREMENT,
  `entrada_id` int NOT NULL,
  `usuario_id` int NOT NULL,
  `estado` enum('pendiente','confirmada','expirada','cancelada') COLLATE utf8mb4_unicode_ci NOT NULL DEFAULT 'pendiente',
  `fecha_reserva` datetime NOT NULL DEFAULT CURRENT_TIMESTAMP,
  `fecha_expiracion` datetime DEFAULT NULL,
  PRIMARY KEY (`reserva_id`),
  KEY `entrada_id` (`entrada_id`),
  KEY `usuario_id` (`usuario_id`),
  CONSTRAINT `reserva_ibfk_1` FOREIGN KEY (`entrada_id`) REFERENCES `entrada` (`entrada_id`),
  CONSTRAINT `reserva_ibfk_2` FOREIGN KEY (`usuario_id`) REFERENCES `usuario` (`usuario_id`)
) ENGINE=InnoDB DEFAULT CHARSET=utf8mb4 COLLATE=utf8mb4_unicode_ci;
/*!40101 SET character_set_client = @saved_cs_client */;

--
-- Dumping data for table `reserva`
--

LOCK TABLES `reserva` WRITE;
/*!40000 ALTER TABLE `reserva` DISABLE KEYS */;
/*!40000 ALTER TABLE `reserva` ENABLE KEYS */;
UNLOCK TABLES;

--
-- Table structure for table `respuesta_soporte`
--

DROP TABLE IF EXISTS `respuesta_soporte`;
/*!40101 SET @saved_cs_client     = @@character_set_client */;
/*!50503 SET character_set_client = utf8mb4 */;
CREATE TABLE `respuesta_soporte` (
  `respuesta_id` int NOT NULL AUTO_INCREMENT,
  `solicitud_id` int NOT NULL,
  `usuario_id` int DEFAULT NULL,
  `mensaje` text COLLATE utf8mb4_unicode_ci NOT NULL,
  `fecha_respuesta` datetime DEFAULT CURRENT_TIMESTAMP,
  PRIMARY KEY (`respuesta_id`),
  KEY `solicitud_id` (`solicitud_id`),
  KEY `usuario_id` (`usuario_id`),
  CONSTRAINT `respuesta_soporte_ibfk_1` FOREIGN KEY (`solicitud_id`) REFERENCES `solicitud_soporte` (`solicitud_id`) ON DELETE CASCADE,
  CONSTRAINT `respuesta_soporte_ibfk_2` FOREIGN KEY (`usuario_id`) REFERENCES `usuario` (`usuario_id`)
) ENGINE=InnoDB DEFAULT CHARSET=utf8mb4 COLLATE=utf8mb4_unicode_ci;
/*!40101 SET character_set_client = @saved_cs_client */;

--
-- Dumping data for table `respuesta_soporte`
--

LOCK TABLES `respuesta_soporte` WRITE;
/*!40000 ALTER TABLE `respuesta_soporte` DISABLE KEYS */;
/*!40000 ALTER TABLE `respuesta_soporte` ENABLE KEYS */;
UNLOCK TABLES;

--
-- Table structure for table `solicitud_soporte`
--

DROP TABLE IF EXISTS `solicitud_soporte`;
/*!40101 SET @saved_cs_client     = @@character_set_client */;
/*!50503 SET character_set_client = utf8mb4 */;
CREATE TABLE `solicitud_soporte` (
  `solicitud_id` int NOT NULL AUTO_INCREMENT,
  `usuario_id` int NOT NULL,
  `categoria` varchar(100) COLLATE utf8mb4_unicode_ci DEFAULT NULL,
  `asunto` varchar(200) COLLATE utf8mb4_unicode_ci NOT NULL,
  `descripcion` text COLLATE utf8mb4_unicode_ci NOT NULL,
  `estado` enum('abierto','en_proceso','resuelto','cerrado') COLLATE utf8mb4_unicode_ci DEFAULT 'abierto',
  `fecha_creacion` datetime DEFAULT CURRENT_TIMESTAMP,
  `fecha_actualizacion` datetime DEFAULT CURRENT_TIMESTAMP ON UPDATE CURRENT_TIMESTAMP,
  PRIMARY KEY (`solicitud_id`),
  KEY `usuario_id` (`usuario_id`),
  CONSTRAINT `solicitud_soporte_ibfk_1` FOREIGN KEY (`usuario_id`) REFERENCES `usuario` (`usuario_id`)
) ENGINE=InnoDB DEFAULT CHARSET=utf8mb4 COLLATE=utf8mb4_unicode_ci;
/*!40101 SET character_set_client = @saved_cs_client */;

--
-- Dumping data for table `solicitud_soporte`
--

LOCK TABLES `solicitud_soporte` WRITE;
/*!40000 ALTER TABLE `solicitud_soporte` DISABLE KEYS */;
/*!40000 ALTER TABLE `solicitud_soporte` ENABLE KEYS */;
UNLOCK TABLES;

--
-- Table structure for table `transferencia_entrada`
--

DROP TABLE IF EXISTS `transferencia_entrada`;
/*!40101 SET @saved_cs_client     = @@character_set_client */;
/*!50503 SET character_set_client = utf8mb4 */;
CREATE TABLE `transferencia_entrada` (
  `transferencia_id` int NOT NULL AUTO_INCREMENT,
  `entrada_id` int NOT NULL,
  `usuario_origen_id` int NOT NULL,
  `usuario_destino_id` int NOT NULL,
  `fecha_transferencia` datetime NOT NULL DEFAULT CURRENT_TIMESTAMP,
  `correlacion_id` varchar(36) COLLATE utf8mb4_unicode_ci DEFAULT NULL,
  PRIMARY KEY (`transferencia_id`),
  KEY `entrada_id` (`entrada_id`),
  KEY `usuario_origen_id` (`usuario_origen_id`),
  KEY `usuario_destino_id` (`usuario_destino_id`),
  KEY `idx_correlacion` (`correlacion_id`),
  CONSTRAINT `transferencia_entrada_ibfk_1` FOREIGN KEY (`entrada_id`) REFERENCES `entrada` (`entrada_id`),
  CONSTRAINT `transferencia_entrada_ibfk_2` FOREIGN KEY (`usuario_origen_id`) REFERENCES `usuario` (`usuario_id`),
  CONSTRAINT `transferencia_entrada_ibfk_3` FOREIGN KEY (`usuario_destino_id`) REFERENCES `usuario` (`usuario_id`)
) ENGINE=InnoDB DEFAULT CHARSET=utf8mb4 COLLATE=utf8mb4_unicode_ci;
/*!40101 SET character_set_client = @saved_cs_client */;

--
-- Dumping data for table `transferencia_entrada`
--

LOCK TABLES `transferencia_entrada` WRITE;
/*!40000 ALTER TABLE `transferencia_entrada` DISABLE KEYS */;
/*!40000 ALTER TABLE `transferencia_entrada` ENABLE KEYS */;
UNLOCK TABLES;

--
-- Table structure for table `usuario`
--

DROP TABLE IF EXISTS `usuario`;
/*!40101 SET @saved_cs_client     = @@character_set_client */;
/*!50503 SET character_set_client = utf8mb4 */;
CREATE TABLE `usuario` (
  `usuario_id` int NOT NULL AUTO_INCREMENT,
  `nombre` varchar(100) COLLATE utf8mb4_unicode_ci NOT NULL,
  `email` varchar(150) COLLATE utf8mb4_unicode_ci NOT NULL,
  `password_hash` varchar(255) COLLATE utf8mb4_unicode_ci NOT NULL,
  `avatar` varchar(50) COLLATE utf8mb4_unicode_ci DEFAULT 0xF09F91A4,
  `tipo` enum('aficionado','admin','operador') COLLATE utf8mb4_unicode_ci NOT NULL DEFAULT 'aficionado',
  `estado` enum('activo','inactivo','bloqueado') COLLATE utf8mb4_unicode_ci NOT NULL DEFAULT 'activo',
  `intentos_fallidos` int DEFAULT '0',
  `ultimo_intento_fallido` datetime DEFAULT NULL,
  `fecha_registro` datetime NOT NULL DEFAULT CURRENT_TIMESTAMP,
  PRIMARY KEY (`usuario_id`),
  UNIQUE KEY `email` (`email`),
  KEY `idx_email` (`email`),
  KEY `idx_tipo` (`tipo`)
) ENGINE=InnoDB AUTO_INCREMENT=51 DEFAULT CHARSET=utf8mb4 COLLATE=utf8mb4_unicode_ci;
/*!40101 SET character_set_client = @saved_cs_client */;

--
-- Dumping data for table `usuario`
--

LOCK TABLES `usuario` WRITE;
/*!40000 ALTER TABLE `usuario` DISABLE KEYS */;
INSERT INTO `usuario` VALUES (1,'María Gómez','adminMaria12@gmail.com','$2b$10$P2wy.aI/pGw1rv5Gs1/VpeR/rQghvTP7a/RMgfGy2tka6ECbMdJBu','?','admin','activo',0,NULL,'2026-05-14 00:09:49'),(2,'Roberto Sánchez','roberto.sanchez@mundial2026.com','$2b$10$P2wy.aI/pGw1rv5Gs1/VpeR/rQghvTP7a/RMgfGy2tka6ECbMdJBu','?','admin','activo',0,NULL,'2026-05-14 00:09:49'),(3,'Laura Mendoza','laura.mendoza@mundial2026.com','$2b$10$P2wy.aI/pGw1rv5Gs1/VpeR/rQghvTP7a/RMgfGy2tka6ECbMdJBu','?','admin','activo',0,NULL,'2026-05-14 00:09:49'),(4,'Carlos López','carlos.lopez@email.com','$2b$10$P2wy.aI/pGw1rv5Gs1/VpeR/rQghvTP7a/RMgfGy2tka6ECbMdJBu','?','operador','activo',0,NULL,'2026-05-14 00:09:49'),(5,'Andrea Ramírez','andrea.ramirez@email.com','$2b$10$P2wy.aI/pGw1rv5Gs1/VpeR/rQghvTP7a/RMgfGy2tka6ECbMdJBu','?','operador','activo',0,NULL,'2026-05-14 00:09:49'),(6,'Felipe Morales','felipe.morales@email.com','$2b$10$P2wy.aI/pGw1rv5Gs1/VpeR/rQghvTP7a/RMgfGy2tka6ECbMdJBu','?','operador','activo',0,NULL,'2026-05-14 00:09:49'),(7,'Daniela Castro','daniela.castro@email.com','$2b$10$P2wy.aI/pGw1rv5Gs1/VpeR/rQghvTP7a/RMgfGy2tka6ECbMdJBu','?','operador','activo',0,NULL,'2026-05-14 00:09:49'),(8,'Operador Sistema','operador@mundial2026.com','$2b$10$P2wy.aI/pGw1rv5Gs1/VpeR/rQghvTP7a/RMgfGy2tka6ECbMdJBu','?','operador','activo',0,NULL,'2026-05-14 00:09:49'),(9,'Sergio Vargas','sergio.vargas@email.com','$2b$10$P2wy.aI/pGw1rv5Gs1/VpeR/rQghvTP7a/RMgfGy2tka6ECbMdJBu','?','operador','activo',0,NULL,'2026-05-14 00:09:49'),(10,'Paula Navarro','paula.navarro@email.com','$2b$10$P2wy.aI/pGw1rv5Gs1/VpeR/rQghvTP7a/RMgfGy2tka6ECbMdJBu','?','operador','activo',0,NULL,'2026-05-14 00:09:49'),(11,'Ana Martínez','ana.martinez@email.com','$2b$10$P2wy.aI/pGw1rv5Gs1/VpeR/rQghvTP7a/RMgfGy2tka6ECbMdJBu','?','aficionado','activo',0,NULL,'2026-05-14 00:09:49'),(12,'Juan Pérez','juan.perez@email.com','$2b$10$P2wy.aI/pGw1rv5Gs1/VpeR/rQghvTP7a/RMgfGy2tka6ECbMdJBu','?','aficionado','activo',0,NULL,'2026-05-14 00:09:49'),(13,'Sofía Rodríguez','sofia.rdz@email.com','$2b$10$P2wy.aI/pGw1rv5Gs1/VpeR/rQghvTP7a/RMgfGy2tka6ECbMdJBu','?','aficionado','activo',0,NULL,'2026-05-14 00:09:49'),(14,'Diego Hernández','diego.h@email.com','$2b$10$P2wy.aI/pGw1rv5Gs1/VpeR/rQghvTP7a/RMgfGy2tka6ECbMdJBu','?','aficionado','activo',0,NULL,'2026-05-14 00:09:49'),(15,'Valentina Torres','vale.torres@email.com','$2b$10$P2wy.aI/pGw1rv5Gs1/VpeR/rQghvTP7a/RMgfGy2tka6ECbMdJBu','?','aficionado','activo',0,NULL,'2026-05-14 00:09:49'),(16,'Andrés Mora','andres.mora@email.com','$2b$10$P2wy.aI/pGw1rv5Gs1/VpeR/rQghvTP7a/RMgfGy2tka6ECbMdJBu','?','aficionado','activo',0,NULL,'2026-05-14 00:09:49'),(17,'Camila Ruiz','camila.r@email.com','$2b$10$P2wy.aI/pGw1rv5Gs1/VpeR/rQghvTP7a/RMgfGy2tka6ECbMdJBu','?','aficionado','activo',0,NULL,'2026-05-14 00:09:49'),(18,'Santiago Díaz','santi.diaz@email.com','$2b$10$P2wy.aI/pGw1rv5Gs1/VpeR/rQghvTP7a/RMgfGy2tka6ECbMdJBu','?','aficionado','activo',0,NULL,'2026-05-14 00:09:49'),(19,'Isabella García','isa.garcia@email.com','$2b$10$P2wy.aI/pGw1rv5Gs1/VpeR/rQghvTP7a/RMgfGy2tka6ECbMdJBu','?','aficionado','activo',0,NULL,'2026-05-14 00:09:49'),(20,'Mateo Ospina','mateo.ospina@email.com','$2b$10$P2wy.aI/pGw1rv5Gs1/VpeR/rQghvTP7a/RMgfGy2tka6ECbMdJBu','?','aficionado','activo',0,NULL,'2026-05-14 00:09:49'),(21,'Luciana Reyes','luci.reyes@email.com','$2b$10$P2wy.aI/pGw1rv5Gs1/VpeR/rQghvTP7a/RMgfGy2tka6ECbMdJBu','?','aficionado','activo',0,NULL,'2026-05-14 00:09:49'),(22,'Tomás Herrera','tomas.h@email.com','$2b$10$P2wy.aI/pGw1rv5Gs1/VpeR/rQghvTP7a/RMgfGy2tka6ECbMdJBu','?','aficionado','activo',0,NULL,'2026-05-14 00:09:49'),(23,'Mariana Jiménez','mariana.j@email.com','$2b$10$P2wy.aI/pGw1rv5Gs1/VpeR/rQghvTP7a/RMgfGy2tka6ECbMdJBu','?','aficionado','activo',0,NULL,'2026-05-14 00:09:49'),(24,'Nicolás Arias','nico.arias@email.com','$2b$10$P2wy.aI/pGw1rv5Gs1/VpeR/rQghvTP7a/RMgfGy2tka6ECbMdJBu','?','aficionado','activo',0,NULL,'2026-05-14 00:09:49'),(25,'Gabriela Pinto','gabi.pinto@email.com','$2b$10$P2wy.aI/pGw1rv5Gs1/VpeR/rQghvTP7a/RMgfGy2tka6ECbMdJBu','?','aficionado','activo',0,NULL,'2026-05-14 00:09:49'),(26,'Alejandro Muñoz','alejo.munoz@email.com','$2b$10$P2wy.aI/pGw1rv5Gs1/VpeR/rQghvTP7a/RMgfGy2tka6ECbMdJBu','?','aficionado','activo',0,NULL,'2026-05-14 00:09:49'),(27,'Fernanda Cárdenas','fer.cardenas@email.com','$2b$10$P2wy.aI/pGw1rv5Gs1/VpeR/rQghvTP7a/RMgfGy2tka6ECbMdJBu','?','aficionado','activo',0,NULL,'2026-05-14 00:09:49'),(28,'Julián Rojas','julian.rojas@email.com','$2b$10$P2wy.aI/pGw1rv5Gs1/VpeR/rQghvTP7a/RMgfGy2tka6ECbMdJBu','?','aficionado','activo',0,NULL,'2026-05-14 00:09:49'),(29,'Carolina Duarte','caro.duarte@email.com','$2b$10$P2wy.aI/pGw1rv5Gs1/VpeR/rQghvTP7a/RMgfGy2tka6ECbMdJBu','?','aficionado','activo',0,NULL,'2026-05-14 00:09:49'),(30,'Sebastián Leal','seba.leal@email.com','$2b$10$P2wy.aI/pGw1rv5Gs1/VpeR/rQghvTP7a/RMgfGy2tka6ECbMdJBu','?','aficionado','activo',0,NULL,'2026-05-14 00:09:49'),(31,'Paola Suárez','paola.suarez@email.com','$2b$10$P2wy.aI/pGw1rv5Gs1/VpeR/rQghvTP7a/RMgfGy2tka6ECbMdJBu','?','aficionado','activo',0,NULL,'2026-05-14 00:09:49'),(32,'Emilio Cortés','emilio.cortes@email.com','$2b$10$P2wy.aI/pGw1rv5Gs1/VpeR/rQghvTP7a/RMgfGy2tka6ECbMdJBu','?','aficionado','activo',0,NULL,'2026-05-14 00:09:49'),(33,'Catalina Vergara','cata.vergara@email.com','$2b$10$P2wy.aI/pGw1rv5Gs1/VpeR/rQghvTP7a/RMgfGy2tka6ECbMdJBu','?','aficionado','activo',0,NULL,'2026-05-14 00:09:49'),(34,'Ricardo Peña','ricardo.pena@email.com','$2b$10$P2wy.aI/pGw1rv5Gs1/VpeR/rQghvTP7a/RMgfGy2tka6ECbMdJBu','?','aficionado','activo',0,NULL,'2026-05-14 00:09:49'),(35,'Natalia Salazar','nata.salazar@email.com','$2b$10$P2wy.aI/pGw1rv5Gs1/VpeR/rQghvTP7a/RMgfGy2tka6ECbMdJBu','?','aficionado','activo',0,NULL,'2026-05-14 00:09:49'),(36,'Daniel Mejía','daniel.mejia@email.com','$2b$10$P2wy.aI/pGw1rv5Gs1/VpeR/rQghvTP7a/RMgfGy2tka6ECbMdJBu','?','aficionado','activo',0,NULL,'2026-05-14 00:09:49'),(37,'Adriana Quintero','adri.quintero@email.com','$2b$10$P2wy.aI/pGw1rv5Gs1/VpeR/rQghvTP7a/RMgfGy2tka6ECbMdJBu','?','aficionado','activo',0,NULL,'2026-05-14 00:09:49'),(38,'Esteban Cruz','esteban.cruz@email.com','$2b$10$P2wy.aI/pGw1rv5Gs1/VpeR/rQghvTP7a/RMgfGy2tka6ECbMdJBu','?','aficionado','activo',0,NULL,'2026-05-14 00:09:49'),(39,'Mónica Aguilar','monica.aguilar@email.com','$2b$10$P2wy.aI/pGw1rv5Gs1/VpeR/rQghvTP7a/RMgfGy2tka6ECbMdJBu','?','aficionado','activo',0,NULL,'2026-05-14 00:09:49'),(40,'Luis Fernández','luis.fernandez@email.com','$2b$10$P2wy.aI/pGw1rv5Gs1/VpeR/rQghvTP7a/RMgfGy2tka6ECbMdJBu','?','aficionado','activo',0,NULL,'2026-05-14 00:09:49'),(41,'Clara Rincón','clara.rincon@email.com','$2b$10$P2wy.aI/pGw1rv5Gs1/VpeR/rQghvTP7a/RMgfGy2tka6ECbMdJBu','?','aficionado','activo',0,NULL,'2026-05-14 00:09:49'),(42,'Iván Bernal','ivan.bernal@email.com','$2b$10$P2wy.aI/pGw1rv5Gs1/VpeR/rQghvTP7a/RMgfGy2tka6ECbMdJBu','?','aficionado','activo',0,NULL,'2026-05-14 00:09:49'),(43,'Teresa Camacho','teresa.camacho@email.com','$2b$10$P2wy.aI/pGw1rv5Gs1/VpeR/rQghvTP7a/RMgfGy2tka6ECbMdJBu','?','aficionado','activo',0,NULL,'2026-05-14 00:09:49'),(44,'Óscar Gutiérrez','oscar.gutierrez@email.com','$2b$10$P2wy.aI/pGw1rv5Gs1/VpeR/rQghvTP7a/RMgfGy2tka6ECbMdJBu','?','aficionado','activo',0,NULL,'2026-05-14 00:09:49'),(45,'Lorena Acosta','lorena.acosta@email.com','$2b$10$P2wy.aI/pGw1rv5Gs1/VpeR/rQghvTP7a/RMgfGy2tka6ECbMdJBu','?','aficionado','activo',0,NULL,'2026-05-14 00:09:49'),(46,'Hugo Arévalo','hugo.arevalo@email.com','$2b$10$P2wy.aI/pGw1rv5Gs1/VpeR/rQghvTP7a/RMgfGy2tka6ECbMdJBu','?','aficionado','activo',0,NULL,'2026-05-14 00:09:49'),(47,'Viviana Ortega','viviana.ortega@email.com','$2b$10$P2wy.aI/pGw1rv5Gs1/VpeR/rQghvTP7a/RMgfGy2tka6ECbMdJBu','?','aficionado','activo',0,NULL,'2026-05-14 00:09:49'),(48,'Rafael Montoya','rafael.montoya@email.com','$2b$10$P2wy.aI/pGw1rv5Gs1/VpeR/rQghvTP7a/RMgfGy2tka6ECbMdJBu','?','aficionado','activo',0,NULL,'2026-05-14 00:09:49'),(49,'Esperanza Vega','esperanza.vega@email.com','$2b$10$P2wy.aI/pGw1rv5Gs1/VpeR/rQghvTP7a/RMgfGy2tka6ECbMdJBu','?','aficionado','activo',0,NULL,'2026-05-14 00:09:49'),(50,'Miguel Bonilla','miguel.bonilla@email.com','$2b$10$P2wy.aI/pGw1rv5Gs1/VpeR/rQghvTP7a/RMgfGy2tka6ECbMdJBu','?','aficionado','activo',0,NULL,'2026-05-14 00:09:49');
/*!40000 ALTER TABLE `usuario` ENABLE KEYS */;
UNLOCK TABLES;

--
-- Table structure for table `usuario_ciudad_favorita`
--

DROP TABLE IF EXISTS `usuario_ciudad_favorita`;
/*!40101 SET @saved_cs_client     = @@character_set_client */;
/*!50503 SET character_set_client = utf8mb4 */;
CREATE TABLE `usuario_ciudad_favorita` (
  `usuario_ciudad_id` int NOT NULL AUTO_INCREMENT,
  `usuario_id` int NOT NULL,
  `ciudad` varchar(100) COLLATE utf8mb4_unicode_ci NOT NULL,
  PRIMARY KEY (`usuario_ciudad_id`),
  UNIQUE KEY `uk_usuario_ciudad` (`usuario_id`,`ciudad`),
  CONSTRAINT `usuario_ciudad_favorita_ibfk_1` FOREIGN KEY (`usuario_id`) REFERENCES `usuario` (`usuario_id`) ON DELETE CASCADE
) ENGINE=InnoDB DEFAULT CHARSET=utf8mb4 COLLATE=utf8mb4_unicode_ci;
/*!40101 SET character_set_client = @saved_cs_client */;

--
-- Dumping data for table `usuario_ciudad_favorita`
--

LOCK TABLES `usuario_ciudad_favorita` WRITE;
/*!40000 ALTER TABLE `usuario_ciudad_favorita` DISABLE KEYS */;
/*!40000 ALTER TABLE `usuario_ciudad_favorita` ENABLE KEYS */;
UNLOCK TABLES;

--
-- Table structure for table `usuario_equipo_favorito`
--

DROP TABLE IF EXISTS `usuario_equipo_favorito`;
/*!40101 SET @saved_cs_client     = @@character_set_client */;
/*!50503 SET character_set_client = utf8mb4 */;
CREATE TABLE `usuario_equipo_favorito` (
  `usuario_equipo_id` int NOT NULL AUTO_INCREMENT,
  `usuario_id` int NOT NULL,
  `equipo_id` int NOT NULL,
  PRIMARY KEY (`usuario_equipo_id`),
  UNIQUE KEY `uk_usuario_equipo` (`usuario_id`,`equipo_id`),
  KEY `equipo_id` (`equipo_id`),
  CONSTRAINT `usuario_equipo_favorito_ibfk_1` FOREIGN KEY (`usuario_id`) REFERENCES `usuario` (`usuario_id`) ON DELETE CASCADE,
  CONSTRAINT `usuario_equipo_favorito_ibfk_2` FOREIGN KEY (`equipo_id`) REFERENCES `equipo` (`equipo_id`) ON DELETE CASCADE
) ENGINE=InnoDB AUTO_INCREMENT=2 DEFAULT CHARSET=utf8mb4 COLLATE=utf8mb4_unicode_ci;
/*!40101 SET character_set_client = @saved_cs_client */;

--
-- Dumping data for table `usuario_equipo_favorito`
--

LOCK TABLES `usuario_equipo_favorito` WRITE;
/*!40000 ALTER TABLE `usuario_equipo_favorito` DISABLE KEYS */;
INSERT INTO `usuario_equipo_favorito` VALUES (1,1,7);
/*!40000 ALTER TABLE `usuario_equipo_favorito` ENABLE KEYS */;
UNLOCK TABLES;
/*!40103 SET TIME_ZONE=@OLD_TIME_ZONE */;

/*!40101 SET SQL_MODE=@OLD_SQL_MODE */;
/*!40014 SET FOREIGN_KEY_CHECKS=@OLD_FOREIGN_KEY_CHECKS */;
/*!40014 SET UNIQUE_CHECKS=@OLD_UNIQUE_CHECKS */;
/*!40101 SET CHARACTER_SET_CLIENT=@OLD_CHARACTER_SET_CLIENT */;
/*!40101 SET CHARACTER_SET_RESULTS=@OLD_CHARACTER_SET_RESULTS */;
/*!40101 SET COLLATION_CONNECTION=@OLD_COLLATION_CONNECTION */;
/*!40111 SET SQL_NOTES=@OLD_SQL_NOTES */;

-- Dump completed on 2026-05-14  3:55:56
